Site,latitude,longitude,Variety,Year,Variable,Value
napa,38.3,122,CabernetS,1994,brix,23.2
napa,38.3,122,CabernetS,1995,brix,23.6
napa,38.3,122,CabernetS,1996,brix,23.7
napa,38.3,122,CabernetS,1997,brix,24.5
napa,38.3,122,CabernetS,1998,brix,24
napa,38.3,122,CabernetS,1999,brix,24.3
napa,38.3,122,CabernetS,2000,brix,23.9
napa,38.3,122,CabernetS,2001,brix,24.8
napa,38.3,122,CabernetS,2002,brix,25.4
napa,38.3,122,CabernetS,2003,brix,24.9
napa,38.3,122,CabernetS,2004,brix,25.8
napa,38.3,122,CabernetS,2005,brix,25.4
napa,38.3,122,CabernetS,2006,brix,25.6
napa,38.3,122,CabernetS,2007,brix,25.9
napa,38.3,122,CabernetS,2008,brix,25.7
napa,38.3,122,CabernetS,2009,brix,25.1
napa,38.3,122,CabernetS,2010,brix,24.5
napa,38.3,122,CabernetS,2011,brix,23.8
napa,38.3,122,CabernetS,2012,brix,25.1
napa,38.3,122,CabernetS,2013,brix,26.3
napa,38.3,122,CabernetS,2014,brix,26
napa,38.3,122,CabernetS,2015,brix,26.1
napa,38.3,122,CabernetS,2016,brix,25.9
napa,38.3,122,CabernetS,2017,brix,25.2
napa,38.3,122,CabernetS,2018,brix,25.3
napa,38.3,122,Merlot,1994,brix,23.2
napa,38.3,122,Merlot,1995,brix,23.3
napa,38.3,122,Merlot,1996,brix,23.2
napa,38.3,122,Merlot,1997,brix,24
napa,38.3,122,Merlot,1998,brix,23.1
napa,38.3,122,Merlot,1999,brix,24
napa,38.3,122,Merlot,2000,brix,24
napa,38.3,122,Merlot,2001,brix,20.2
napa,38.3,122,Merlot,2002,brix,24.8
napa,38.3,122,Merlot,2003,brix,24.6
napa,38.3,122,Merlot,2004,brix,24.9
napa,38.3,122,Merlot,2005,brix,24.4
napa,38.3,122,Merlot,2006,brix,24.8
napa,38.3,122,Merlot,2007,brix,24.7
napa,38.3,122,Merlot,2008,brix,24.9
napa,38.3,122,Merlot,2009,brix,24.6
napa,38.3,122,Merlot,2010,brix,24.4
napa,38.3,122,Merlot,2011,brix,23.8
napa,38.3,122,Merlot,2012,brix,24.6
napa,38.3,122,Merlot,2013,brix,25.1
napa,38.3,122,Merlot,2014,brix,25.2
napa,38.3,122,Merlot,2015,brix,25.2
napa,38.3,122,Merlot,2016,brix,25.2
napa,38.3,122,Merlot,2017,brix,25
napa,38.3,122,Merlot,2018,brix,25.2
napa,38.3,122,SauvignonB,1994,brix,22.4
napa,38.3,122,SauvignonB,1995,brix,22.4
napa,38.3,122,SauvignonB,1996,brix,22.5
napa,38.3,122,SauvignonB,1997,brix,22.6
napa,38.3,122,SauvignonB,1998,brix,22.4
napa,38.3,122,SauvignonB,1999,brix,23.3
napa,38.3,122,SauvignonB,2000,brix,23.2
napa,38.3,122,SauvignonB,2001,brix,23.4
napa,38.3,122,SauvignonB,2002,brix,23.5
napa,38.3,122,SauvignonB,2003,brix,23.4
napa,38.3,122,SauvignonB,2004,brix,23.7
napa,38.3,122,SauvignonB,2005,brix,23.3
napa,38.3,122,SauvignonB,2006,brix,23.5
napa,38.3,122,SauvignonB,2007,brix,24
napa,38.3,122,SauvignonB,2008,brix,23.8
napa,38.3,122,SauvignonB,2009,brix,23.6
napa,38.3,122,SauvignonB,2010,brix,23.4
napa,38.3,122,SauvignonB,2011,brix,23.4
napa,38.3,122,SauvignonB,2012,brix,23.4
napa,38.3,122,SauvignonB,2013,brix,23.6
napa,38.3,122,SauvignonB,2014,brix,23.4
napa,38.3,122,SauvignonB,2015,brix,23.8
napa,38.3,122,SauvignonB,2016,brix,23.4
napa,38.3,122,SauvignonB,2017,brix,23.6
napa,38.3,122,SauvignonB,2018,brix,23.5
napa,38.3,122,Chardonnay,1994,brix,22.8
napa,38.3,122,Chardonnay,1995,brix,23.1
napa,38.3,122,Chardonnay,1996,brix,23.3
napa,38.3,122,Chardonnay,1997,brix,23.6
napa,38.3,122,Chardonnay,1998,brix,22.8
napa,38.3,122,Chardonnay,1999,brix,23.5
napa,38.3,122,Chardonnay,2000,brix,23.5
napa,38.3,122,Chardonnay,2001,brix,24
napa,38.3,122,Chardonnay,2002,brix,23.6
napa,38.3,122,Chardonnay,2003,brix,23.6
napa,38.3,122,Chardonnay,2004,brix,24.1
napa,38.3,122,Chardonnay,2005,brix,23.5
napa,38.3,122,Chardonnay,2006,brix,23.7
napa,38.3,122,Chardonnay,2007,brix,23.8
napa,38.3,122,Chardonnay,2008,brix,24
napa,38.3,122,Chardonnay,2009,brix,23.6
napa,38.3,122,Chardonnay,2010,brix,23.3
napa,38.3,122,Chardonnay,2011,brix,23.2
napa,38.3,122,Chardonnay,2012,brix,23.5
napa,38.3,122,Chardonnay,2013,brix,23.8
napa,38.3,122,Chardonnay,2014,brix,23.9
napa,38.3,122,Chardonnay,2015,brix,24
napa,38.3,122,Chardonnay,2016,brix,23.7
napa,38.3,122,Chardonnay,2017,brix,23.5
napa,38.3,122,Chardonnay,2018,brix,23.3
oysterBay,-41.25,174.25,Sauvignon,2005,yield,3
oysterBay,-41.25,174.25,Sauvignon,2006,yield,4.43
oysterBay,-41.25,174.25,Sauvignon,2007,yield,2.37
oysterBay,-41.25,174.25,Sauvignon,2008,yield,5.17
oysterBay,-41.25,174.25,Sauvignon,2009,yield,4.57
oysterBay,-41.25,174.25,Sauvignon,2010,yield,6.6
oysterBay,-41.25,174.25,Sauvignon,2011,yield,9.01
oysterBay,-41.25,174.25,Sauvignon,2012,yield,4.87
oysterBay,-41.25,174.25,Sauvignon,2013,yield,5.01
oysterBay,-41.25,174.25,Sauvignon,2014,yield,7.18
oysterBay,-41.25,174.25,Sauvignon,2015,yield,5.42
oysterBay,-41.25,174.25,Sauvignon,2016,yield,5.31
oysterBay,-41.25,174.25,Sauvignon,2017,yield,5.74
oysterBay,-41.25,174.25,Sauvignon,2018,yield,7.54
oysterBay,-41.25,174.25,Sauvignon,2019,yield,4.67
penedes,41.53,1.77,Chardonnay,1998,yield,1302
penedes,41.53,1.77,Chardonnay,1999,yield,1999
penedes,41.53,1.77,Chardonnay,2000,yield,1504
penedes,41.53,1.77,Chardonnay,2001,yield,1144
penedes,41.53,1.77,Chardonnay,2002,yield,2333
penedes,41.53,1.77,Chardonnay,2003,yield,1228
penedes,41.53,1.77,Chardonnay,2004,yield,1951
penedes,41.53,1.77,Chardonnay,2005,yield,1031
penedes,41.53,1.77,Chardonnay,2006,yield,1087
penedes,41.53,1.77,Chardonnay,2007,yield,1644
penedes,41.53,1.77,Chardonnay,2008,yield,1561
penedes,41.53,1.77,Chardonnay,2009,yield,1679
penedes,41.53,1.77,Chardonnay,2010,yield,1280
penedes,41.53,1.77,Chardonnay,2011,yield,1530
penedes,41.53,1.77,Chardonnay,2012,yield,1004
coonawarra,-37,115,CabernetS,1993,yield,205
coonawarra,-37,115,CabernetS,1994,yield,205
coonawarra,-37,115,CabernetS,1995,yield,220
coonawarra,-37,115,CabernetS,1996,yield,390
coonawarra,-37,115,CabernetS,1997,yield,145
coonawarra,-37,115,CabernetS,1998,yield,220
coonawarra,-37,115,CabernetS,1999,yield,210
coonawarra,-37,115,CabernetS,2000,yield,100
coonawarra,-37,115,CabernetS,2001,yield,270
coonawarra,-37,115,CabernetS,2002,yield,60
coonawarra,-37,115,CabernetS,2003,yield,65
coonawarra,-37,115,CabernetS,2004,yield,170
Luxembourg,49.54,6.35,MullerThurgau,1993,yield,137
Luxembourg,49.54,6.35,MullerThurgau,1994,yield,147
Luxembourg,49.54,6.35,MullerThurgau,1995,yield,130
Luxembourg,49.54,6.35,MullerThurgau,1996,yield,118
Luxembourg,49.54,6.35,MullerThurgau,1997,yield,49
Luxembourg,49.54,6.35,MullerThurgau,1998,yield,142
Luxembourg,49.54,6.35,MullerThurgau,1999,yield,162
Luxembourg,49.54,6.35,MullerThurgau,2000,yield,109
Luxembourg,49.54,6.35,MullerThurgau,2001,yield,122
Luxembourg,49.54,6.35,MullerThurgau,2002,yield,140
Luxembourg,49.54,6.35,MullerThurgau,2003,yield,123
Luxembourg,49.54,6.35,MullerThurgau,2004,yield,153
Luxembourg,49.54,6.35,MullerThurgau,2005,yield,119
Luxembourg,49.54,6.35,MullerThurgau,2006,yield,126
Luxembourg,49.54,6.35,MullerThurgau,2007,yield,129
Luxembourg,49.54,6.35,MullerThurgau,2008,yield,116
Luxembourg,49.54,6.35,MullerThurgau,2009,yield,135
Luxembourg,49.54,6.35,MullerThurgau,2010,yield,105
Luxembourg,49.54,6.35,MullerThurgau,2011,yield,135
Luxembourg,49.54,6.35,MullerThurgau,2012,yield,82
Luxembourg,49.54,6.35,MullerThurgau,2013,yield,101
Luxembourg,49.54,6.35,MullerThurgau,2014,yield,120
Luxembourg,49.54,6.35,MullerThurgau,2015,yield,107
Luxembourg,49.54,6.35,Riesling,1993,yield,96
Luxembourg,49.54,6.35,Riesling,1994,yield,94
Luxembourg,49.54,6.35,Riesling,1995,yield,77
Luxembourg,49.54,6.35,Riesling,1996,yield,78
Luxembourg,49.54,6.35,Riesling,1997,yield,64
Luxembourg,49.54,6.35,Riesling,1998,yield,102
Luxembourg,49.54,6.35,Riesling,1999,yield,110
Luxembourg,49.54,6.35,Riesling,2000,yield,95
Luxembourg,49.54,6.35,Riesling,2001,yield,72
Luxembourg,49.54,6.35,Riesling,2002,yield,98
Luxembourg,49.54,6.35,Riesling,2003,yield,92
Luxembourg,49.54,6.35,Riesling,2004,yield,97
Luxembourg,49.54,6.35,Riesling,2005,yield,89
Luxembourg,49.54,6.35,Riesling,2006,yield,80
Luxembourg,49.54,6.35,Riesling,2007,yield,104
Luxembourg,49.54,6.35,Riesling,2008,yield,86
Luxembourg,49.54,6.35,Riesling,2009,yield,94
Luxembourg,49.54,6.35,Riesling,2010,yield,65
Luxembourg,49.54,6.35,Riesling,2011,yield,88
Luxembourg,49.54,6.35,Riesling,2012,yield,76
Luxembourg,49.54,6.35,Riesling,2013,yield,60
Luxembourg,49.54,6.35,Riesling,2014,yield,86
Luxembourg,49.54,6.35,Riesling,2015,yield,69
ColliOrientali,44,11,CabernetS,2006,bunchNo,20
ColliOrientali,44,11,CabernetS,2007,bunchNo,18
ColliOrientali,44,11,CabernetS,2008,bunchNo,18
ColliOrientali,44,11,CabernetS,2009,bunchNo,12
ColliOrientali,44,11,CabernetS,2010,bunchNo,17
ColliOrientali,44,11,CabernetS,2011,bunchNo,13
ColliOrientali,44,11,CabernetS,2012,bunchNo,17
ColliOrientali,44,11,CabernetS,2013,bunchNo,8
ColliOrientali,44,11,CabernetS,2014,bunchNo,14
ColliOrientali,44,11,CabernetS,2015,bunchNo,16
ColliOrientali,44,11,CabernetS,2016,bunchNo,21
ColliOrientali,44,11,CabernetS,2017,bunchNo,20
ColliOrientali,44,11,CabernetS,2018,bunchNo,18
ColliOrientali,44,11,CabernetS,2019,bunchNo,17
ColliOrientali,44,11,CabernetS,2006,berriesNo,80
ColliOrientali,44,11,CabernetS,2007,berriesNo,125
ColliOrientali,44,11,CabernetS,2008,berriesNo,90
ColliOrientali,44,11,CabernetS,2009,berriesNo,112
ColliOrientali,44,11,CabernetS,2010,berriesNo,96
ColliOrientali,44,11,CabernetS,2011,berriesNo,134
ColliOrientali,44,11,CabernetS,2012,berriesNo,106
ColliOrientali,44,11,CabernetS,2013,berriesNo,100
ColliOrientali,44,11,CabernetS,2014,berriesNo,124
ColliOrientali,44,11,CabernetS,2015,berriesNo,115
ColliOrientali,44,11,CabernetS,2016,berriesNo,125
ColliOrientali,44,11,CabernetS,2017,berriesNo,129
ColliOrientali,44,11,CabernetS,2018,berriesNo,145
ColliOrientali,44,11,CabernetS,2019,berriesNo,105
ColliOrientali,44,11,CabernetS,2020,berriesNo,122
ColliOrientali,44,11,CabernetS,2021,berriesNo,90
ColliOrientali,44,11,CabernetS,2022,berriesNo,149
ColliOrientali,44,11,CabernetS,2023,berriesNo,104
ColliOrientali,44,11,CabernetS,2024,berriesNo,85
ColliOrientali,44,11,CabernetS,2006,berryWeight,1.2
ColliOrientali,44,11,CabernetS,2007,berryWeight,1.29
ColliOrientali,44,11,CabernetS,2008,berryWeight,1.57
ColliOrientali,44,11,CabernetS,2009,berryWeight,1.37
ColliOrientali,44,11,CabernetS,2010,berryWeight,1.41
ColliOrientali,44,11,CabernetS,2011,berryWeight,1.34
ColliOrientali,44,11,CabernetS,2012,berryWeight,1.14
ColliOrientali,44,11,CabernetS,2013,berryWeight,0.94
ColliOrientali,44,11,CabernetS,2014,berryWeight,1.38
ColliOrientali,44,11,CabernetS,2015,berryWeight,1.19
ColliOrientali,44,11,CabernetS,2016,berryWeight,1.09
ColliOrientali,44,11,CabernetS,2017,berryWeight,1.35
ColliOrientali,44,11,CabernetS,2018,berryWeight,1.46
ColliOrientali,44,11,CabernetS,2019,berryWeight,1.13
ColliOrientali,44,11,CabernetS,2020,berryWeight,1.22
ColliOrientali,44,11,CabernetS,2021,berryWeight,1.3
ColliOrientali,44,11,CabernetS,2022,berryWeight,1.25
ColliOrientali,44,11,CabernetS,2023,berryWeight,1.1
ColliOrientali,44,11,CabernetS,2024,berryWeight,1.2
ColliOrientali,44,11,CabernetS,2006,yield,1.92
ColliOrientali,44,11,CabernetS,2007,yield,2.9
ColliOrientali,44,11,CabernetS,2008,yield,2.54
ColliOrientali,44,11,CabernetS,2009,yield,1.84
ColliOrientali,44,11,CabernetS,2010,yield,2.3
ColliOrientali,44,11,CabernetS,2011,yield,2.33
ColliOrientali,44,11,CabernetS,2012,yield,2.05
ColliOrientali,44,11,CabernetS,2013,yield,0.75
ColliOrientali,44,11,CabernetS,2014,yield,2.4
ColliOrientali,44,11,CabernetS,2015,yield,2.19
ColliOrientali,44,11,CabernetS,2016,yield,2.86
ColliOrientali,44,11,CabernetS,2017,yield,3.48
ColliOrientali,44,11,CabernetS,2018,yield,3.81
ColliOrientali,44,11,CabernetS,2019,yield,2.02
ColliOrientali,44,11,CabernetS,2008,sugar,20.5
ColliOrientali,44,11,CabernetS,2009,sugar,22.8
ColliOrientali,44,11,CabernetS,2010,sugar,21.4
ColliOrientali,44,11,CabernetS,2011,sugar,21.9
ColliOrientali,44,11,CabernetS,2012,sugar,22.6
ColliOrientali,44,11,CabernetS,2013,sugar,20.7
ColliOrientali,44,11,CabernetS,2014,sugar,17.6
ColliOrientali,44,11,CabernetS,2015,sugar,21.1
ColliOrientali,44,11,CabernetS,2016,sugar,21.4
ColliOrientali,44,11,CabernetS,2017,sugar,19
ColliOrientali,44,11,CabernetS,2018,sugar,20.7
ColliOrientali,44,11,CabernetS,2019,sugar,21.5
ColliOrientali,44,11,CabernetS,2020,sugar,20
ColliOrientali,44,11,CabernetS,2021,sugar,21.7
ColliOrientali,44,11,CabernetS,2022,sugar,21.9
ColliOrientali,44,11,CabernetS,2023,sugar,21.6
ColliOrientali,44,11,CabernetS,2008,acid,9.3
ColliOrientali,44,11,CabernetS,2009,acid,6.4
ColliOrientali,44,11,CabernetS,2010,acid,9.4
ColliOrientali,44,11,CabernetS,2011,acid,5.9
ColliOrientali,44,11,CabernetS,2012,acid,6.55
ColliOrientali,44,11,CabernetS,2013,acid,6.5
ColliOrientali,44,11,CabernetS,2014,acid,10.4
ColliOrientali,44,11,CabernetS,2015,acid,6.9
ColliOrientali,44,11,CabernetS,2016,acid,6.6
ColliOrientali,44,11,CabernetS,2017,acid,7.3
ColliOrientali,44,11,CabernetS,2018,acid,5.8
ColliOrientali,44,11,CabernetS,2019,acid,6.6
ColliOrientali,44,11,CabernetS,2020,acid,7.4
ColliOrientali,44,11,CabernetS,2021,acid,6.1
ColliOrientali,44,11,CabernetS,2022,acid,5.2
ColliOrientali,44,11,CabernetS,2023,acid,5.9
ColliOrientali,44,11,CabernetS,1998,anthocians,1954.79
ColliOrientali,44,11,CabernetS,1999,anthocians,2313.83
ColliOrientali,44,11,CabernetS,2000,anthocians,853.72
ColliOrientali,44,11,CabernetS,2003,anthocians,1862.93
ColliOrientali,44,11,CabernetS,2004,anthocians,2181.47
ColliOrientali,44,11,CabernetS,2005,anthocians,1994.68
ColliOrientali,44,11,CabernetS,2006,anthocians,1372.34
ColliOrientali,44,11,CabernetS,2007,anthocians,1515.96
ColliOrientali,44,11,CabernetS,2008,anthocians,1379
ColliOrientali,44,11,CabernetS,2009,anthocians,1515
ColliOrientali,44,11,CabernetS,2010,anthocians,1937
ColliOrientali,44,11,CabernetS,2011,anthocians,1616
ColliOrientali,44,11,CabernetS,2013,anthocians,1196.91
ColliOrientali,44,11,CabernetS,2015,anthocians,1235.52
ColliOrientali,44,11,CabernetS,2016,anthocians,1940.15
ColliOrientali,44,11,CabernetS,2017,anthocians,1409.27
ColliOrientali,44,11,CabernetS,2018,anthocians,1467.18
ColliOrientali,44,11,CabernetS,2019,anthocians,1370.66
ColliOrientali,44,11,CabernetS,2020,anthocians,1206.56
ColliOrientali,44,11,CabernetS,2021,anthocians,2075.29
ColliOrientali,44,11,CabernetS,2022,anthocians,1158.3
ColliOrientali,44,11,CabernetS,2023,anthocians,960
ColliOrientali,44,11,CabernetS,2024,anthocians,1550
ColliOrientali,44,11,Carmenere,2006,bunchNo,21
ColliOrientali,44,11,Carmenere,2007,bunchNo,21
ColliOrientali,44,11,Carmenere,2008,bunchNo,15
ColliOrientali,44,11,Carmenere,2009,bunchNo,9
ColliOrientali,44,11,Carmenere,2010,bunchNo,10
ColliOrientali,44,11,Carmenere,2011,bunchNo,14
ColliOrientali,44,11,Carmenere,2012,bunchNo,11
ColliOrientali,44,11,Carmenere,2013,bunchNo,7
ColliOrientali,44,11,Carmenere,2014,bunchNo,9
ColliOrientali,44,11,Carmenere,2015,bunchNo,10
ColliOrientali,44,11,Carmenere,2016,bunchNo,11
ColliOrientali,44,11,Carmenere,2017,bunchNo,11
ColliOrientali,44,11,Carmenere,2018,bunchNo,15
ColliOrientali,44,11,Carmenere,2019,bunchNo,14
ColliOrientali,44,11,Carmenere,2006,berriesNo,72
ColliOrientali,44,11,Carmenere,2007,berriesNo,83
ColliOrientali,44,11,Carmenere,2008,berriesNo,97
ColliOrientali,44,11,Carmenere,2009,berriesNo,130
ColliOrientali,44,11,Carmenere,2010,berriesNo,84
ColliOrientali,44,11,Carmenere,2011,berriesNo,159
ColliOrientali,44,11,Carmenere,2012,berriesNo,106
ColliOrientali,44,11,Carmenere,2013,berriesNo,106
ColliOrientali,44,11,Carmenere,2014,berriesNo,95
ColliOrientali,44,11,Carmenere,2015,berriesNo,112
ColliOrientali,44,11,Carmenere,2016,berriesNo,82
ColliOrientali,44,11,Carmenere,2017,berriesNo,105
ColliOrientali,44,11,Carmenere,2018,berriesNo,109
ColliOrientali,44,11,Carmenere,2019,berriesNo,102
ColliOrientali,44,11,Carmenere,2020,berriesNo,96
ColliOrientali,44,11,Carmenere,2021,berriesNo,100
ColliOrientali,44,11,Carmenere,2022,berriesNo,115
ColliOrientali,44,11,Carmenere,2023,berriesNo,82
ColliOrientali,44,11,Carmenere,2024,berriesNo,75
ColliOrientali,44,11,Carmenere,2006,berryWeight,1.57
ColliOrientali,44,11,Carmenere,2007,berryWeight,1.58
ColliOrientali,44,11,Carmenere,2008,berryWeight,1.37
ColliOrientali,44,11,Carmenere,2009,berryWeight,1.85
ColliOrientali,44,11,Carmenere,2010,berryWeight,1.95
ColliOrientali,44,11,Carmenere,2011,berryWeight,1.09
ColliOrientali,44,11,Carmenere,2012,berryWeight,1.28
ColliOrientali,44,11,Carmenere,2013,berryWeight,1.08
ColliOrientali,44,11,Carmenere,2014,berryWeight,1.65
ColliOrientali,44,11,Carmenere,2015,berryWeight,1.67
ColliOrientali,44,11,Carmenere,2016,berryWeight,1.38
ColliOrientali,44,11,Carmenere,2017,berryWeight,1.64
ColliOrientali,44,11,Carmenere,2018,berryWeight,1.85
ColliOrientali,44,11,Carmenere,2019,berryWeight,1.52
ColliOrientali,44,11,Carmenere,2020,berryWeight,1.9
ColliOrientali,44,11,Carmenere,2021,berryWeight,1.55
ColliOrientali,44,11,Carmenere,2022,berryWeight,1.7
ColliOrientali,44,11,Carmenere,2023,berryWeight,1.52
ColliOrientali,44,11,Carmenere,2024,berryWeight,1.72
ColliOrientali,44,11,Carmenere,2006,yield,2.37
ColliOrientali,44,11,Carmenere,2007,yield,2.75
ColliOrientali,44,11,Carmenere,2008,yield,1.99
ColliOrientali,44,11,Carmenere,2009,yield,2.16
ColliOrientali,44,11,Carmenere,2010,yield,1.64
ColliOrientali,44,11,Carmenere,2011,yield,2.43
ColliOrientali,44,11,Carmenere,2012,yield,1.49
ColliOrientali,44,11,Carmenere,2013,yield,0.8
ColliOrientali,44,11,Carmenere,2014,yield,1.41
ColliOrientali,44,11,Carmenere,2015,yield,1.87
ColliOrientali,44,11,Carmenere,2016,yield,1.24
ColliOrientali,44,11,Carmenere,2017,yield,1.89
ColliOrientali,44,11,Carmenere,2018,yield,3.02
ColliOrientali,44,11,Carmenere,2019,yield,2.17
ColliOrientali,44,11,Carmenere,2008,sugar,20
ColliOrientali,44,11,Carmenere,2009,sugar,21.5
ColliOrientali,44,11,Carmenere,2010,sugar,20.6
ColliOrientali,44,11,Carmenere,2011,sugar,21
ColliOrientali,44,11,Carmenere,2013,sugar,20.7
ColliOrientali,44,11,Carmenere,2014,sugar,18.1
ColliOrientali,44,11,Carmenere,2015,sugar,19.7
ColliOrientali,44,11,Carmenere,2016,sugar,21.4
ColliOrientali,44,11,Carmenere,2017,sugar,17.7
ColliOrientali,44,11,Carmenere,2018,sugar,20.9
ColliOrientali,44,11,Carmenere,2019,sugar,21.2
ColliOrientali,44,11,Carmenere,2020,sugar,19.8
ColliOrientali,44,11,Carmenere,2021,sugar,21.7
ColliOrientali,44,11,Carmenere,2022,sugar,20.8
ColliOrientali,44,11,Carmenere,2023,sugar,21.2
ColliOrientali,44,11,Carmenere,2008,acid,6.7
ColliOrientali,44,11,Carmenere,2009,acid,4.8
ColliOrientali,44,11,Carmenere,2010,acid,5.9
ColliOrientali,44,11,Carmenere,2011,acid,4.9
ColliOrientali,44,11,Carmenere,2013,acid,4.9
ColliOrientali,44,11,Carmenere,2014,acid,7.2
ColliOrientali,44,11,Carmenere,2015,acid,4.4
ColliOrientali,44,11,Carmenere,2016,acid,4.5
ColliOrientali,44,11,Carmenere,2017,acid,5.4
ColliOrientali,44,11,Carmenere,2018,acid,4.1
ColliOrientali,44,11,Carmenere,2019,acid,4.7
ColliOrientali,44,11,Carmenere,2020,acid,4.6
ColliOrientali,44,11,Carmenere,2021,acid,4.2
ColliOrientali,44,11,Carmenere,2022,acid,3.8
ColliOrientali,44,11,Carmenere,2023,acid,4.9
ColliOrientali,44,11,Carmenere,2003,anthocians,1717.63
ColliOrientali,44,11,Carmenere,2004,anthocians,2113.31
ColliOrientali,44,11,Carmenere,2005,anthocians,807.98
ColliOrientali,44,11,Carmenere,2006,anthocians,1564.99
ColliOrientali,44,11,Carmenere,2007,anthocians,1326.26
ColliOrientali,44,11,Carmenere,2008,anthocians,1656
ColliOrientali,44,11,Carmenere,2009,anthocians,1319
ColliOrientali,44,11,Carmenere,2010,anthocians,2063
ColliOrientali,44,11,Carmenere,2011,anthocians,1603
ColliOrientali,44,11,Carmenere,2013,anthocians,1387.83
ColliOrientali,44,11,Carmenere,2015,anthocians,1815.59
ColliOrientali,44,11,Carmenere,2016,anthocians,1416.35
ColliOrientali,44,11,Carmenere,2017,anthocians,1929.66
ColliOrientali,44,11,Carmenere,2018,anthocians,1045.63
ColliOrientali,44,11,Carmenere,2019,anthocians,2300.38
ColliOrientali,44,11,Carmenere,2020,anthocians,2328.9
ColliOrientali,44,11,Carmenere,2021,anthocians,2433.46
ColliOrientali,44,11,Carmenere,2022,anthocians,1416.35
ColliOrientali,44,11,Carmenere,2023,anthocians,1406
ColliOrientali,44,11,Carmenere,2024,anthocians,1550
ColliOrientali,44,11,Merlot,2006,bunchNo,15
ColliOrientali,44,11,Merlot,2007,bunchNo,18
ColliOrientali,44,11,Merlot,2008,bunchNo,10
ColliOrientali,44,11,Merlot,2009,bunchNo,14
ColliOrientali,44,11,Merlot,2010,bunchNo,15
ColliOrientali,44,11,Merlot,2011,bunchNo,10
ColliOrientali,44,11,Merlot,2012,bunchNo,14
ColliOrientali,44,11,Merlot,2013,bunchNo,7
ColliOrientali,44,11,Merlot,2014,bunchNo,12
ColliOrientali,44,11,Merlot,2015,bunchNo,7
ColliOrientali,44,11,Merlot,2016,bunchNo,12
ColliOrientali,44,11,Merlot,2017,bunchNo,10
ColliOrientali,44,11,Merlot,2018,bunchNo,16
ColliOrientali,44,11,Merlot,2019,bunchNo,12
ColliOrientali,44,11,Merlot,2006,berriesNo,97
ColliOrientali,44,11,Merlot,2007,berriesNo,141
ColliOrientali,44,11,Merlot,2008,berriesNo,93
ColliOrientali,44,11,Merlot,2009,berriesNo,131
ColliOrientali,44,11,Merlot,2010,berriesNo,108
ColliOrientali,44,11,Merlot,2011,berriesNo,122
ColliOrientali,44,11,Merlot,2012,berriesNo,119
ColliOrientali,44,11,Merlot,2013,berriesNo,105
ColliOrientali,44,11,Merlot,2014,berriesNo,129
ColliOrientali,44,11,Merlot,2015,berriesNo,102
ColliOrientali,44,11,Merlot,2016,berriesNo,114
ColliOrientali,44,11,Merlot,2017,berriesNo,148
ColliOrientali,44,11,Merlot,2018,berriesNo,204
ColliOrientali,44,11,Merlot,2019,berriesNo,121
ColliOrientali,44,11,Merlot,2020,berriesNo,136
ColliOrientali,44,11,Merlot,2021,berriesNo,130
ColliOrientali,44,11,Merlot,2022,berriesNo,162
ColliOrientali,44,11,Merlot,2023,berriesNo,133
ColliOrientali,44,11,Merlot,2024,berriesNo,105
ColliOrientali,44,11,Merlot,2006,berryWeight,1.38
ColliOrientali,44,11,Merlot,2007,berryWeight,1.23
ColliOrientali,44,11,Merlot,2008,berryWeight,1.48
ColliOrientali,44,11,Merlot,2009,berryWeight,1.73
ColliOrientali,44,11,Merlot,2010,berryWeight,1.29
ColliOrientali,44,11,Merlot,2011,berryWeight,1.12
ColliOrientali,44,11,Merlot,2012,berryWeight,1.1
ColliOrientali,44,11,Merlot,2013,berryWeight,1.06
ColliOrientali,44,11,Merlot,2014,berryWeight,1.57
ColliOrientali,44,11,Merlot,2015,berryWeight,1.49
ColliOrientali,44,11,Merlot,2016,berryWeight,1.31
ColliOrientali,44,11,Merlot,2017,berryWeight,1.64
ColliOrientali,44,11,Merlot,2018,berryWeight,1.8
ColliOrientali,44,11,Merlot,2019,berryWeight,1.36
ColliOrientali,44,11,Merlot,2020,berryWeight,1.72
ColliOrientali,44,11,Merlot,2021,berryWeight,1.3
ColliOrientali,44,11,Merlot,2022,berryWeight,1.3
ColliOrientali,44,11,Merlot,2023,berryWeight,1.52
ColliOrientali,44,11,Merlot,2024,berryWeight,1.35
ColliOrientali,44,11,Merlot,2006,yield,2.01
ColliOrientali,44,11,Merlot,2007,yield,3.12
ColliOrientali,44,11,Merlot,2008,yield,1.38
ColliOrientali,44,11,Merlot,2009,yield,3.17
ColliOrientali,44,11,Merlot,2010,yield,2.09
ColliOrientali,44,11,Merlot,2011,yield,1.37
ColliOrientali,44,11,Merlot,2012,yield,1.83
ColliOrientali,44,11,Merlot,2013,yield,0.78
ColliOrientali,44,11,Merlot,2014,yield,2.43
ColliOrientali,44,11,Merlot,2015,yield,1.06
ColliOrientali,44,11,Merlot,2016,yield,1.79
ColliOrientali,44,11,Merlot,2017,yield,2.43
ColliOrientali,44,11,Merlot,2018,yield,5.88
ColliOrientali,44,11,Merlot,2019,yield,1.97
ColliOrientali,44,11,Merlot,2008,sugar,23
ColliOrientali,44,11,Merlot,2009,sugar,23.5
ColliOrientali,44,11,Merlot,2010,sugar,19.3
ColliOrientali,44,11,Merlot,2011,sugar,21.9
ColliOrientali,44,11,Merlot,2012,sugar,23.4
ColliOrientali,44,11,Merlot,2013,sugar,22.8
ColliOrientali,44,11,Merlot,2014,sugar,18.8
ColliOrientali,44,11,Merlot,2015,sugar,21.2
ColliOrientali,44,11,Merlot,2016,sugar,22.4
ColliOrientali,44,11,Merlot,2017,sugar,20.9
ColliOrientali,44,11,Merlot,2018,sugar,22.6
ColliOrientali,44,11,Merlot,2019,sugar,22.7
ColliOrientali,44,11,Merlot,2020,sugar,22.2
ColliOrientali,44,11,Merlot,2021,sugar,23
ColliOrientali,44,11,Merlot,2022,sugar,22.6
ColliOrientali,44,11,Merlot,2023,sugar,21.8
ColliOrientali,44,11,Merlot,2008,acid,5
ColliOrientali,44,11,Merlot,2009,acid,4.8
ColliOrientali,44,11,Merlot,2010,acid,6.3
ColliOrientali,44,11,Merlot,2011,acid,5.4
ColliOrientali,44,11,Merlot,2012,acid,5.76
ColliOrientali,44,11,Merlot,2013,acid,5.2
ColliOrientali,44,11,Merlot,2014,acid,6.9
ColliOrientali,44,11,Merlot,2015,acid,4.6
ColliOrientali,44,11,Merlot,2016,acid,5.1
ColliOrientali,44,11,Merlot,2017,acid,4.6
ColliOrientali,44,11,Merlot,2018,acid,4.4
ColliOrientali,44,11,Merlot,2019,acid,4.7
ColliOrientali,44,11,Merlot,2020,acid,4.8
ColliOrientali,44,11,Merlot,2021,acid,4.5
ColliOrientali,44,11,Merlot,2022,acid,5.1
ColliOrientali,44,11,Merlot,2023,acid,5
ColliOrientali,44,11,Merlot,1998,anthocians,1775.292
ColliOrientali,44,11,Merlot,1999,anthocians,2154.669
ColliOrientali,44,11,Merlot,2000,anthocians,1259.728
ColliOrientali,44,11,Merlot,2003,anthocians,1561.284
ColliOrientali,44,11,Merlot,2004,anthocians,1707.198
ColliOrientali,44,11,Merlot,2005,anthocians,1361.868
ColliOrientali,44,11,Merlot,2006,anthocians,1206.226
ColliOrientali,44,11,Merlot,2007,anthocians,1507.782
ColliOrientali,44,11,Merlot,2008,anthocians,1003
ColliOrientali,44,11,Merlot,2009,anthocians,1411
ColliOrientali,44,11,Merlot,2010,anthocians,753
ColliOrientali,44,11,Merlot,2011,anthocians,1401
ColliOrientali,44,11,Merlot,2012,anthocians,1463
ColliOrientali,44,11,Merlot,2013,anthocians,1410.51
ColliOrientali,44,11,Merlot,2014,anthocians,1177.04
ColliOrientali,44,11,Merlot,2015,anthocians,1128.41
ColliOrientali,44,11,Merlot,2016,anthocians,1361.87
ColliOrientali,44,11,Merlot,2017,anthocians,1332.69
ColliOrientali,44,11,Merlot,2018,anthocians,1001.95
ColliOrientali,44,11,Merlot,2019,anthocians,1391.05
ColliOrientali,44,11,Merlot,2020,anthocians,1254.86
ColliOrientali,44,11,Merlot,2021,anthocians,1624.51
ColliOrientali,44,11,Merlot,2022,anthocians,1498.05
ColliOrientali,44,11,Merlot,2023,anthocians,930
ColliOrientali,44,11,Merlot,2024,anthocians,1000
ColliOrientali,44,11,Picolit,2006,bunchNo,13
ColliOrientali,44,11,Picolit,2007,bunchNo,11
ColliOrientali,44,11,Picolit,2008,bunchNo,11
ColliOrientali,44,11,Picolit,2009,bunchNo,12
ColliOrientali,44,11,Picolit,2010,bunchNo,19
ColliOrientali,44,11,Picolit,2011,bunchNo,10
ColliOrientali,44,11,Picolit,2012,bunchNo,12
ColliOrientali,44,11,Picolit,2013,bunchNo,10
ColliOrientali,44,11,Picolit,2014,bunchNo,10
ColliOrientali,44,11,Picolit,2015,bunchNo,9
ColliOrientali,44,11,Picolit,2016,bunchNo,12
ColliOrientali,44,11,Picolit,2017,bunchNo,11
ColliOrientali,44,11,Picolit,2018,bunchNo,14
ColliOrientali,44,11,Picolit,2019,bunchNo,15
ColliOrientali,44,11,Picolit,2006,berriesNo,158
ColliOrientali,44,11,Picolit,2007,berriesNo,112
ColliOrientali,44,11,Picolit,2008,berriesNo,58
ColliOrientali,44,11,Picolit,2009,berriesNo,121
ColliOrientali,44,11,Picolit,2010,berriesNo,125
ColliOrientali,44,11,Picolit,2011,berriesNo,157
ColliOrientali,44,11,Picolit,2012,berriesNo,113
ColliOrientali,44,11,Picolit,2013,berriesNo,69
ColliOrientali,44,11,Picolit,2014,berriesNo,57
ColliOrientali,44,11,Picolit,2015,berriesNo,177
ColliOrientali,44,11,Picolit,2016,berriesNo,64
ColliOrientali,44,11,Picolit,2017,berriesNo,92
ColliOrientali,44,11,Picolit,2018,berriesNo,190
ColliOrientali,44,11,Picolit,2019,berriesNo,84
ColliOrientali,44,11,Picolit,2020,berriesNo,101
ColliOrientali,44,11,Picolit,2021,berriesNo,90
ColliOrientali,44,11,Picolit,2022,berriesNo,86
ColliOrientali,44,11,Picolit,2023,berriesNo,73
ColliOrientali,44,11,Picolit,2024,berriesNo,92
ColliOrientali,44,11,Picolit,2006,berryWeight,1.03
ColliOrientali,44,11,Picolit,2007,berryWeight,1.24
ColliOrientali,44,11,Picolit,2008,berryWeight,1.45
ColliOrientali,44,11,Picolit,2009,berryWeight,0.96
ColliOrientali,44,11,Picolit,2010,berryWeight,1.32
ColliOrientali,44,11,Picolit,2011,berryWeight,0.92
ColliOrientali,44,11,Picolit,2012,berryWeight,0.83
ColliOrientali,44,11,Picolit,2013,berryWeight,0.94
ColliOrientali,44,11,Picolit,2014,berryWeight,1.55
ColliOrientali,44,11,Picolit,2015,berryWeight,1.05
ColliOrientali,44,11,Picolit,2016,berryWeight,0.92
ColliOrientali,44,11,Picolit,2017,berryWeight,1.14
ColliOrientali,44,11,Picolit,2018,berryWeight,0.7
ColliOrientali,44,11,Picolit,2019,berryWeight,1.03
ColliOrientali,44,11,Picolit,2020,berryWeight,1.06
ColliOrientali,44,11,Picolit,2021,berryWeight,0.78
ColliOrientali,44,11,Picolit,2022,berryWeight,1.1
ColliOrientali,44,11,Picolit,2023,berryWeight,1.56
ColliOrientali,44,11,Picolit,2024,berryWeight,1.25
ColliOrientali,44,11,Picolit,2006,yield,2.12
ColliOrientali,44,11,Picolit,2007,yield,1.53
ColliOrientali,44,11,Picolit,2008,yield,0.93
ColliOrientali,44,11,Picolit,2009,yield,1.39
ColliOrientali,44,11,Picolit,2010,yield,3.14
ColliOrientali,44,11,Picolit,2011,yield,1.44
ColliOrientali,44,11,Picolit,2012,yield,1.13
ColliOrientali,44,11,Picolit,2013,yield,0.65
ColliOrientali,44,11,Picolit,2014,yield,0.88
ColliOrientali,44,11,Picolit,2015,yield,1.67
ColliOrientali,44,11,Picolit,2016,yield,0.71
ColliOrientali,44,11,Picolit,2017,yield,1.15
ColliOrientali,44,11,Picolit,2018,yield,1.86
ColliOrientali,44,11,Picolit,2019,yield,1.3
ColliOrientali,44,11,Picolit,2008,sugar,24.2
ColliOrientali,44,11,Picolit,2009,sugar,26.1
ColliOrientali,44,11,Picolit,2010,sugar,25.9
ColliOrientali,44,11,Picolit,2011,sugar,23.4
ColliOrientali,44,11,Picolit,2012,sugar,24.8
ColliOrientali,44,11,Picolit,2013,sugar,20.5
ColliOrientali,44,11,Picolit,2014,sugar,19.2
ColliOrientali,44,11,Picolit,2015,sugar,23.7
ColliOrientali,44,11,Picolit,2016,sugar,26.9
ColliOrientali,44,11,Picolit,2017,sugar,24
ColliOrientali,44,11,Picolit,2018,sugar,23.3
ColliOrientali,44,11,Picolit,2019,sugar,27.4
ColliOrientali,44,11,Picolit,2020,sugar,27.3
ColliOrientali,44,11,Picolit,2021,sugar,25.7
ColliOrientali,44,11,Picolit,2023,sugar,20.5
ColliOrientali,44,11,Picolit,2008,acid,6.7
ColliOrientali,44,11,Picolit,2009,acid,5.8
ColliOrientali,44,11,Picolit,2010,acid,6.9
ColliOrientali,44,11,Picolit,2011,acid,6
ColliOrientali,44,11,Picolit,2012,acid,5.75
ColliOrientali,44,11,Picolit,2013,acid,6.6
ColliOrientali,44,11,Picolit,2014,acid,8.6
ColliOrientali,44,11,Picolit,2015,acid,5
ColliOrientali,44,11,Picolit,2016,acid,5.6
ColliOrientali,44,11,Picolit,2017,acid,5.2
ColliOrientali,44,11,Picolit,2018,acid,5.5
ColliOrientali,44,11,Picolit,2019,acid,3.7
ColliOrientali,44,11,Picolit,2020,acid,4.5
ColliOrientali,44,11,Picolit,2021,acid,3.9
ColliOrientali,44,11,Picolit,2023,acid,5.7
ColliOrientali,44,11,Pignolo,2006,bunchNo,13
ColliOrientali,44,11,Pignolo,2007,bunchNo,9
ColliOrientali,44,11,Pignolo,2008,bunchNo,8
ColliOrientali,44,11,Pignolo,2009,bunchNo,7
ColliOrientali,44,11,Pignolo,2010,bunchNo,9
ColliOrientali,44,11,Pignolo,2011,bunchNo,7
ColliOrientali,44,11,Pignolo,2012,bunchNo,11
ColliOrientali,44,11,Pignolo,2013,bunchNo,10
ColliOrientali,44,11,Pignolo,2014,bunchNo,8
ColliOrientali,44,11,Pignolo,2015,bunchNo,10
ColliOrientali,44,11,Pignolo,2016,bunchNo,9
ColliOrientali,44,11,Pignolo,2017,bunchNo,9
ColliOrientali,44,11,Pignolo,2018,bunchNo,10
ColliOrientali,44,11,Pignolo,2019,bunchNo,9
ColliOrientali,44,11,Pignolo,2006,berriesNo,109
ColliOrientali,44,11,Pignolo,2007,berriesNo,214
ColliOrientali,44,11,Pignolo,2008,berriesNo,147
ColliOrientali,44,11,Pignolo,2009,berriesNo,104
ColliOrientali,44,11,Pignolo,2010,berriesNo,109
ColliOrientali,44,11,Pignolo,2011,berriesNo,132
ColliOrientali,44,11,Pignolo,2012,berriesNo,124
ColliOrientali,44,11,Pignolo,2013,berriesNo,94
ColliOrientali,44,11,Pignolo,2015,berriesNo,111
ColliOrientali,44,11,Pignolo,2016,berriesNo,120
ColliOrientali,44,11,Pignolo,2017,berriesNo,123
ColliOrientali,44,11,Pignolo,2018,berriesNo,155
ColliOrientali,44,11,Pignolo,2019,berriesNo,109
ColliOrientali,44,11,Pignolo,2020,berriesNo,166
ColliOrientali,44,11,Pignolo,2021,berriesNo,85
ColliOrientali,44,11,Pignolo,2022,berriesNo,135
ColliOrientali,44,11,Pignolo,2023,berriesNo,133
ColliOrientali,44,11,Pignolo,2024,berriesNo,112
ColliOrientali,44,11,Pignolo,2006,berryWeight,1.1
ColliOrientali,44,11,Pignolo,2007,berryWeight,1.27
ColliOrientali,44,11,Pignolo,2008,berryWeight,0.98
ColliOrientali,44,11,Pignolo,2009,berryWeight,1.38
ColliOrientali,44,11,Pignolo,2010,berryWeight,1.4
ColliOrientali,44,11,Pignolo,2011,berryWeight,1.27
ColliOrientali,44,11,Pignolo,2012,berryWeight,1.1
ColliOrientali,44,11,Pignolo,2013,berryWeight,0.84
ColliOrientali,44,11,Pignolo,2015,berryWeight,1.43
ColliOrientali,44,11,Pignolo,2016,berryWeight,0.92
ColliOrientali,44,11,Pignolo,2017,berryWeight,1.2
ColliOrientali,44,11,Pignolo,2018,berryWeight,1.26
ColliOrientali,44,11,Pignolo,2019,berryWeight,1.37
ColliOrientali,44,11,Pignolo,2020,berryWeight,1.12
ColliOrientali,44,11,Pignolo,2021,berryWeight,1.42
ColliOrientali,44,11,Pignolo,2022,berryWeight,1.2
ColliOrientali,44,11,Pignolo,2023,berryWeight,1.31
ColliOrientali,44,11,Pignolo,2024,berryWeight,1.1
ColliOrientali,44,11,Pignolo,2006,yield,1.56
ColliOrientali,44,11,Pignolo,2007,yield,2.45
ColliOrientali,44,11,Pignolo,2008,yield,1.15
ColliOrientali,44,11,Pignolo,2009,yield,1
ColliOrientali,44,11,Pignolo,2010,yield,1.37
ColliOrientali,44,11,Pignolo,2011,yield,1.17
ColliOrientali,44,11,Pignolo,2012,yield,1.5
ColliOrientali,44,11,Pignolo,2013,yield,0.79
ColliOrientali,44,11,Pignolo,2014,yield,0
ColliOrientali,44,11,Pignolo,2015,yield,1.59
ColliOrientali,44,11,Pignolo,2016,yield,0.99
ColliOrientali,44,11,Pignolo,2017,yield,1.33
ColliOrientali,44,11,Pignolo,2018,yield,1.95
ColliOrientali,44,11,Pignolo,2019,yield,1.34
ColliOrientali,44,11,Pignolo,2008,sugar,22
ColliOrientali,44,11,Pignolo,2009,sugar,23
ColliOrientali,44,11,Pignolo,2010,sugar,23.4
ColliOrientali,44,11,Pignolo,2011,sugar,25.6
ColliOrientali,44,11,Pignolo,2012,sugar,24.3
ColliOrientali,44,11,Pignolo,2013,sugar,22.8
ColliOrientali,44,11,Pignolo,2014,sugar,20.4
ColliOrientali,44,11,Pignolo,2015,sugar,22.7
ColliOrientali,44,11,Pignolo,2016,sugar,24.9
ColliOrientali,44,11,Pignolo,2017,sugar,21
ColliOrientali,44,11,Pignolo,2018,sugar,22.1
ColliOrientali,44,11,Pignolo,2019,sugar,24.2
ColliOrientali,44,11,Pignolo,2020,sugar,23.8
ColliOrientali,44,11,Pignolo,2021,sugar,23.9
ColliOrientali,44,11,Pignolo,2022,sugar,24.1
ColliOrientali,44,11,Pignolo,2023,sugar,21.7
ColliOrientali,44,11,Pignolo,2008,acid,7.9
ColliOrientali,44,11,Pignolo,2009,acid,5.5
ColliOrientali,44,11,Pignolo,2010,acid,6.5
ColliOrientali,44,11,Pignolo,2011,acid,6.2
ColliOrientali,44,11,Pignolo,2012,acid,6.1
ColliOrientali,44,11,Pignolo,2013,acid,6.4
ColliOrientali,44,11,Pignolo,2014,acid,9.2
ColliOrientali,44,11,Pignolo,2015,acid,5.7
ColliOrientali,44,11,Pignolo,2016,acid,6.6
ColliOrientali,44,11,Pignolo,2017,acid,7.4
ColliOrientali,44,11,Pignolo,2018,acid,4.7
ColliOrientali,44,11,Pignolo,2019,acid,5.4
ColliOrientali,44,11,Pignolo,2020,acid,5.2
ColliOrientali,44,11,Pignolo,2021,acid,5.4
ColliOrientali,44,11,Pignolo,2022,acid,4.6
ColliOrientali,44,11,Pignolo,2023,acid,5.7
ColliOrientali,44,11,Pignolo,2003,anthocians,939.8798
ColliOrientali,44,11,Pignolo,2004,anthocians,2069.138
ColliOrientali,44,11,Pignolo,2005,anthocians,1788.577
ColliOrientali,44,11,Pignolo,2006,anthocians,1641.283
ColliOrientali,44,11,Pignolo,2007,anthocians,1080.16
ColliOrientali,44,11,Pignolo,2008,anthocians,1579
ColliOrientali,44,11,Pignolo,2009,anthocians,1992
ColliOrientali,44,11,Pignolo,2010,anthocians,1892
ColliOrientali,44,11,Pignolo,2011,anthocians,1766
ColliOrientali,44,11,Pignolo,2012,anthocians,1343
ColliOrientali,44,11,Pignolo,2013,anthocians,2016.81
ColliOrientali,44,11,Pignolo,2014,anthocians,1588.24
ColliOrientali,44,11,Pignolo,2015,anthocians,1184.87
ColliOrientali,44,11,Pignolo,2016,anthocians,1865.55
ColliOrientali,44,11,Pignolo,2017,anthocians,1134.45
ColliOrientali,44,11,Pignolo,2018,anthocians,894.96
ColliOrientali,44,11,Pignolo,2019,anthocians,1121.85
ColliOrientali,44,11,Pignolo,2020,anthocians,1310.92
ColliOrientali,44,11,Pignolo,2021,anthocians,1500
ColliOrientali,44,11,Pignolo,2022,anthocians,1046.22
ColliOrientali,44,11,Pignolo,2023,anthocians,738
ColliOrientali,44,11,Pignolo,2024,anthocians,738
ColliOrientali,44,11,PinotB,2008,bunchNo,11
ColliOrientali,44,11,PinotB,2009,bunchNo,9
ColliOrientali,44,11,PinotB,2010,bunchNo,18
ColliOrientali,44,11,PinotB,2011,bunchNo,13
ColliOrientali,44,11,PinotB,2012,bunchNo,14
ColliOrientali,44,11,PinotB,2013,bunchNo,13
ColliOrientali,44,11,PinotB,2014,bunchNo,8
ColliOrientali,44,11,PinotB,2015,bunchNo,12
ColliOrientali,44,11,PinotB,2016,bunchNo,13
ColliOrientali,44,11,PinotB,2017,bunchNo,10
ColliOrientali,44,11,PinotB,2018,bunchNo,15
ColliOrientali,44,11,PinotB,2019,bunchNo,13
ColliOrientali,44,11,PinotB,2008,berriesNo,118
ColliOrientali,44,11,PinotB,2009,berriesNo,108
ColliOrientali,44,11,PinotB,2010,berriesNo,95
ColliOrientali,44,11,PinotB,2011,berriesNo,106
ColliOrientali,44,11,PinotB,2013,berriesNo,124
ColliOrientali,44,11,PinotB,2014,berriesNo,109
ColliOrientali,44,11,PinotB,2015,berriesNo,108
ColliOrientali,44,11,PinotB,2016,berriesNo,148
ColliOrientali,44,11,PinotB,2017,berriesNo,119
ColliOrientali,44,11,PinotB,2018,berriesNo,151
ColliOrientali,44,11,PinotB,2019,berriesNo,110
ColliOrientali,44,11,PinotB,2020,berriesNo,93
ColliOrientali,44,11,PinotB,2021,berriesNo,123
ColliOrientali,44,11,PinotB,2022,berriesNo,138
ColliOrientali,44,11,PinotB,2023,berriesNo,122
ColliOrientali,44,11,PinotB,2024,berriesNo,93
ColliOrientali,44,11,PinotB,2008,berryWeight,1.73
ColliOrientali,44,11,PinotB,2009,berryWeight,1.65
ColliOrientali,44,11,PinotB,2010,berryWeight,1.54
ColliOrientali,44,11,PinotB,2011,berryWeight,1.59
ColliOrientali,44,11,PinotB,2013,berryWeight,1.07
ColliOrientali,44,11,PinotB,2014,berryWeight,1.62
ColliOrientali,44,11,PinotB,2015,berryWeight,1.75
ColliOrientali,44,11,PinotB,2016,berryWeight,1.27
ColliOrientali,44,11,PinotB,2017,berryWeight,1.36
ColliOrientali,44,11,PinotB,2018,berryWeight,1.64
ColliOrientali,44,11,PinotB,2019,berryWeight,1.31
ColliOrientali,44,11,PinotB,2020,berryWeight,1.44
ColliOrientali,44,11,PinotB,2021,berryWeight,1.5
ColliOrientali,44,11,PinotB,2022,berryWeight,1.2
ColliOrientali,44,11,PinotB,2023,berryWeight,1.21
ColliOrientali,44,11,PinotB,2024,berryWeight,1.2
ColliOrientali,44,11,PinotB,2008,yield,2.25
ColliOrientali,44,11,PinotB,2009,yield,1.6
ColliOrientali,44,11,PinotB,2010,yield,2.63
ColliOrientali,44,11,PinotB,2011,yield,2.19
ColliOrientali,44,11,PinotB,2013,yield,1.72
ColliOrientali,44,11,PinotB,2014,yield,1.41
ColliOrientali,44,11,PinotB,2015,yield,2.27
ColliOrientali,44,11,PinotB,2016,yield,2.44
ColliOrientali,44,11,PinotB,2017,yield,1.62
ColliOrientali,44,11,PinotB,2018,yield,3.71
ColliOrientali,44,11,PinotB,2019,yield,1.87
ColliOrientali,44,11,PinotG,2006,bunchNo,29
ColliOrientali,44,11,PinotG,2007,bunchNo,22
ColliOrientali,44,11,PinotG,2008,bunchNo,22
ColliOrientali,44,11,PinotG,2009,bunchNo,19
ColliOrientali,44,11,PinotG,2010,bunchNo,16
ColliOrientali,44,11,PinotG,2011,bunchNo,13
ColliOrientali,44,11,PinotG,2012,bunchNo,14
ColliOrientali,44,11,PinotG,2013,bunchNo,10
ColliOrientali,44,11,PinotG,2014,bunchNo,10
ColliOrientali,44,11,PinotG,2015,bunchNo,14
ColliOrientali,44,11,PinotG,2016,bunchNo,13
ColliOrientali,44,11,PinotG,2017,bunchNo,9
ColliOrientali,44,11,PinotG,2018,bunchNo,17
ColliOrientali,44,11,PinotG,2019,bunchNo,12
ColliOrientali,44,11,PinotG,2006,berriesNo,87
ColliOrientali,44,11,PinotG,2007,berriesNo,148
ColliOrientali,44,11,PinotG,2008,berriesNo,116
ColliOrientali,44,11,PinotG,2009,berriesNo,104
ColliOrientali,44,11,PinotG,2010,berriesNo,100
ColliOrientali,44,11,PinotG,2011,berriesNo,103
ColliOrientali,44,11,PinotG,2012,berriesNo,87
ColliOrientali,44,11,PinotG,2013,berriesNo,93
ColliOrientali,44,11,PinotG,2014,berriesNo,94
ColliOrientali,44,11,PinotG,2015,berriesNo,101
ColliOrientali,44,11,PinotG,2016,berriesNo,114
ColliOrientali,44,11,PinotG,2017,berriesNo,95
ColliOrientali,44,11,PinotG,2018,berriesNo,142
ColliOrientali,44,11,PinotG,2019,berriesNo,94
ColliOrientali,44,11,PinotG,2020,berriesNo,120
ColliOrientali,44,11,PinotG,2021,berriesNo,105
ColliOrientali,44,11,PinotG,2022,berriesNo,135
ColliOrientali,44,11,PinotG,2023,berriesNo,107
ColliOrientali,44,11,PinotG,2024,berriesNo,85
ColliOrientali,44,11,PinotG,2006,berryWeight,1.12
ColliOrientali,44,11,PinotG,2007,berryWeight,1.17
ColliOrientali,44,11,PinotG,2008,berryWeight,1.26
ColliOrientali,44,11,PinotG,2009,berryWeight,1.34
ColliOrientali,44,11,PinotG,2010,berryWeight,1.18
ColliOrientali,44,11,PinotG,2011,berryWeight,1.3
ColliOrientali,44,11,PinotG,2012,berryWeight,0.97
ColliOrientali,44,11,PinotG,2013,berryWeight,0.95
ColliOrientali,44,11,PinotG,2014,berryWeight,1.25
ColliOrientali,44,11,PinotG,2015,berryWeight,1.31
ColliOrientali,44,11,PinotG,2016,berryWeight,0.94
ColliOrientali,44,11,PinotG,2017,berryWeight,1.21
ColliOrientali,44,11,PinotG,2018,berryWeight,1.14
ColliOrientali,44,11,PinotG,2019,berryWeight,1.04
ColliOrientali,44,11,PinotG,2020,berryWeight,1.21
ColliOrientali,44,11,PinotG,2021,berryWeight,1.2
ColliOrientali,44,11,PinotG,2022,berryWeight,0.96
ColliOrientali,44,11,PinotG,2023,berryWeight,1.25
ColliOrientali,44,11,PinotG,2024,berryWeight,0.95
ColliOrientali,44,11,PinotG,2006,yield,2.83
ColliOrientali,44,11,PinotG,2007,yield,3.81
ColliOrientali,44,11,PinotG,2008,yield,3.22
ColliOrientali,44,11,PinotG,2009,yield,2.65
ColliOrientali,44,11,PinotG,2010,yield,1.89
ColliOrientali,44,11,PinotG,2011,yield,1.74
ColliOrientali,44,11,PinotG,2012,yield,1.18
ColliOrientali,44,11,PinotG,2013,yield,0.88
ColliOrientali,44,11,PinotG,2014,yield,1.18
ColliOrientali,44,11,PinotG,2015,yield,1.85
ColliOrientali,44,11,PinotG,2016,yield,1.39
ColliOrientali,44,11,PinotG,2017,yield,1.03
ColliOrientali,44,11,PinotG,2018,yield,2.75
ColliOrientali,44,11,PinotG,2019,yield,1.17
ColliOrientali,44,11,PinotG,2008,sugar,23
ColliOrientali,44,11,PinotG,2009,sugar,22.9
ColliOrientali,44,11,PinotG,2010,sugar,21.5
ColliOrientali,44,11,PinotG,2011,sugar,22
ColliOrientali,44,11,PinotG,2012,sugar,22.6
ColliOrientali,44,11,PinotG,2013,sugar,21.5
ColliOrientali,44,11,PinotG,2014,sugar,18.9
ColliOrientali,44,11,PinotG,2015,sugar,21.5
ColliOrientali,44,11,PinotG,2016,sugar,22.9
ColliOrientali,44,11,PinotG,2017,sugar,20.8
ColliOrientali,44,11,PinotG,2018,sugar,21.7
ColliOrientali,44,11,PinotG,2019,sugar,22.4
ColliOrientali,44,11,PinotG,2020,sugar,20.9
ColliOrientali,44,11,PinotG,2021,sugar,21.5
ColliOrientali,44,11,PinotG,2023,sugar,20.1
ColliOrientali,44,11,PinotG,2008,acid,6.6
ColliOrientali,44,11,PinotG,2009,acid,5.4
ColliOrientali,44,11,PinotG,2010,acid,6.1
ColliOrientali,44,11,PinotG,2011,acid,6.5
ColliOrientali,44,11,PinotG,2012,acid,6.6
ColliOrientali,44,11,PinotG,2013,acid,6.8
ColliOrientali,44,11,PinotG,2014,acid,7.75
ColliOrientali,44,11,PinotG,2015,acid,5.5
ColliOrientali,44,11,PinotG,2016,acid,5.2
ColliOrientali,44,11,PinotG,2017,acid,5.5
ColliOrientali,44,11,PinotG,2018,acid,4.6
ColliOrientali,44,11,PinotG,2019,acid,4.9
ColliOrientali,44,11,PinotG,2020,acid,5.6
ColliOrientali,44,11,PinotG,2021,acid,6.1
ColliOrientali,44,11,PinotG,2023,acid,5.6
ColliOrientali,44,11,RefoscoPr,2006,bunchNo,16
ColliOrientali,44,11,RefoscoPr,2007,bunchNo,12
ColliOrientali,44,11,RefoscoPr,2008,bunchNo,16
ColliOrientali,44,11,RefoscoPr,2009,bunchNo,9
ColliOrientali,44,11,RefoscoPr,2010,bunchNo,15
ColliOrientali,44,11,RefoscoPr,2011,bunchNo,12
ColliOrientali,44,11,RefoscoPr,2012,bunchNo,11
ColliOrientali,44,11,RefoscoPr,2013,bunchNo,7
ColliOrientali,44,11,RefoscoPr,2014,bunchNo,7
ColliOrientali,44,11,RefoscoPr,2015,bunchNo,14
ColliOrientali,44,11,RefoscoPr,2016,bunchNo,12
ColliOrientali,44,11,RefoscoPr,2017,bunchNo,10
ColliOrientali,44,11,RefoscoPr,2018,bunchNo,15
ColliOrientali,44,11,RefoscoPr,2019,bunchNo,12
ColliOrientali,44,11,RefoscoPr,2006,berriesNo,87
ColliOrientali,44,11,RefoscoPr,2007,berriesNo,134
ColliOrientali,44,11,RefoscoPr,2008,berriesNo,195
ColliOrientali,44,11,RefoscoPr,2009,berriesNo,191
ColliOrientali,44,11,RefoscoPr,2010,berriesNo,146
ColliOrientali,44,11,RefoscoPr,2011,berriesNo,229
ColliOrientali,44,11,RefoscoPr,2012,berriesNo,144
ColliOrientali,44,11,RefoscoPr,2013,berriesNo,162
ColliOrientali,44,11,RefoscoPr,2014,berriesNo,143
ColliOrientali,44,11,RefoscoPr,2015,berriesNo,143
ColliOrientali,44,11,RefoscoPr,2016,berriesNo,167
ColliOrientali,44,11,RefoscoPr,2017,berriesNo,140
ColliOrientali,44,11,RefoscoPr,2018,berriesNo,191
ColliOrientali,44,11,RefoscoPr,2019,berriesNo,100
ColliOrientali,44,11,RefoscoPr,2020,berriesNo,155
ColliOrientali,44,11,RefoscoPr,2021,berriesNo,135
ColliOrientali,44,11,RefoscoPr,2022,berriesNo,148
ColliOrientali,44,11,RefoscoPr,2023,berriesNo,131
ColliOrientali,44,11,RefoscoPr,2024,berriesNo,85
ColliOrientali,44,11,RefoscoPr,2006,berryWeight,1.6
ColliOrientali,44,11,RefoscoPr,2007,berryWeight,1.4
ColliOrientali,44,11,RefoscoPr,2008,berryWeight,1.23
ColliOrientali,44,11,RefoscoPr,2009,berryWeight,1.73
ColliOrientali,44,11,RefoscoPr,2010,berryWeight,1.44
ColliOrientali,44,11,RefoscoPr,2011,berryWeight,1.56
ColliOrientali,44,11,RefoscoPr,2012,berryWeight,1.19
ColliOrientali,44,11,RefoscoPr,2013,berryWeight,1.1
ColliOrientali,44,11,RefoscoPr,2014,berryWeight,1.39
ColliOrientali,44,11,RefoscoPr,2015,berryWeight,1.59
ColliOrientali,44,11,RefoscoPr,2016,berryWeight,1.21
ColliOrientali,44,11,RefoscoPr,2017,berryWeight,1.42
ColliOrientali,44,11,RefoscoPr,2018,berryWeight,1.54
ColliOrientali,44,11,RefoscoPr,2019,berryWeight,1.55
ColliOrientali,44,11,RefoscoPr,2020,berryWeight,1.58
ColliOrientali,44,11,RefoscoPr,2021,berryWeight,1.6
ColliOrientali,44,11,RefoscoPr,2022,berryWeight,1.5
ColliOrientali,44,11,RefoscoPr,2023,berryWeight,1.32
ColliOrientali,44,11,RefoscoPr,2024,berryWeight,1.25
ColliOrientali,44,11,RefoscoPr,2006,yield,2.23
ColliOrientali,44,11,RefoscoPr,2007,yield,2.25
ColliOrientali,44,11,RefoscoPr,2008,yield,3.84
ColliOrientali,44,11,RefoscoPr,2009,yield,2.97
ColliOrientali,44,11,RefoscoPr,2010,yield,3.15
ColliOrientali,44,11,RefoscoPr,2011,yield,4.29
ColliOrientali,44,11,RefoscoPr,2012,yield,1.88
ColliOrientali,44,11,RefoscoPr,2013,yield,1.25
ColliOrientali,44,11,RefoscoPr,2014,yield,1.39
ColliOrientali,44,11,RefoscoPr,2015,yield,3.18
ColliOrientali,44,11,RefoscoPr,2016,yield,2.42
ColliOrientali,44,11,RefoscoPr,2017,yield,1.99
ColliOrientali,44,11,RefoscoPr,2018,yield,4.41
ColliOrientali,44,11,RefoscoPr,2019,yield,1.86
ColliOrientali,44,11,RefoscoPr,2008,sugar,21.1
ColliOrientali,44,11,RefoscoPr,2009,sugar,19.1
ColliOrientali,44,11,RefoscoPr,2010,sugar,21.2
ColliOrientali,44,11,RefoscoPr,2011,sugar,22.1
ColliOrientali,44,11,RefoscoPr,2012,sugar,21.7
ColliOrientali,44,11,RefoscoPr,2013,sugar,21.7
ColliOrientali,44,11,RefoscoPr,2014,sugar,19.4
ColliOrientali,44,11,RefoscoPr,2015,sugar,20.6
ColliOrientali,44,11,RefoscoPr,2016,sugar,22
ColliOrientali,44,11,RefoscoPr,2017,sugar,20.2
ColliOrientali,44,11,RefoscoPr,2018,sugar,22.6
ColliOrientali,44,11,RefoscoPr,2019,sugar,21.6
ColliOrientali,44,11,RefoscoPr,2020,sugar,21.5
ColliOrientali,44,11,RefoscoPr,2021,sugar,22.1
ColliOrientali,44,11,RefoscoPr,2022,sugar,22.6
ColliOrientali,44,11,RefoscoPr,2023,sugar,20.6
ColliOrientali,44,11,RefoscoPr,2008,acid,8.9
ColliOrientali,44,11,RefoscoPr,2009,acid,6.1
ColliOrientali,44,11,RefoscoPr,2010,acid,7.9
ColliOrientali,44,11,RefoscoPr,2011,acid,5.8
ColliOrientali,44,11,RefoscoPr,2012,acid,7.1
ColliOrientali,44,11,RefoscoPr,2013,acid,6
ColliOrientali,44,11,RefoscoPr,2014,acid,9.1
ColliOrientali,44,11,RefoscoPr,2015,acid,6
ColliOrientali,44,11,RefoscoPr,2016,acid,6.3
ColliOrientali,44,11,RefoscoPr,2017,acid,6.6
ColliOrientali,44,11,RefoscoPr,2018,acid,4.2
ColliOrientali,44,11,RefoscoPr,2019,acid,5.4
ColliOrientali,44,11,RefoscoPr,2020,acid,5.1
ColliOrientali,44,11,RefoscoPr,2021,acid,6.2
ColliOrientali,44,11,RefoscoPr,2022,acid,4.7
ColliOrientali,44,11,RefoscoPr,2023,acid,5.8
ColliOrientali,44,11,RefoscoPr,1998,anthocians,1698.63
ColliOrientali,44,11,RefoscoPr,1999,anthocians,2802.348
ColliOrientali,44,11,RefoscoPr,2000,anthocians,2113.503
ColliOrientali,44,11,RefoscoPr,2003,anthocians,2410.959
ColliOrientali,44,11,RefoscoPr,2004,anthocians,3553.816
ColliOrientali,44,11,RefoscoPr,2005,anthocians,2872.798
ColliOrientali,44,11,RefoscoPr,2006,anthocians,2426.614
ColliOrientali,44,11,RefoscoPr,2007,anthocians,2841.487
ColliOrientali,44,11,RefoscoPr,2008,anthocians,2833
ColliOrientali,44,11,RefoscoPr,2009,anthocians,2244
ColliOrientali,44,11,RefoscoPr,2010,anthocians,3166
ColliOrientali,44,11,RefoscoPr,2011,anthocians,2587
ColliOrientali,44,11,RefoscoPr,2012,anthocians,2675
ColliOrientali,44,11,RefoscoPr,2013,anthocians,1640.63
ColliOrientali,44,11,RefoscoPr,2014,anthocians,1765.62
ColliOrientali,44,11,RefoscoPr,2015,anthocians,2125
ColliOrientali,44,11,RefoscoPr,2016,anthocians,2328.13
ColliOrientali,44,11,RefoscoPr,2017,anthocians,2578.12
ColliOrientali,44,11,RefoscoPr,2018,anthocians,1843.75
ColliOrientali,44,11,RefoscoPr,2019,anthocians,2218.75
ColliOrientali,44,11,RefoscoPr,2020,anthocians,2078.13
ColliOrientali,44,11,RefoscoPr,2021,anthocians,2312.5
ColliOrientali,44,11,RefoscoPr,2022,anthocians,2093.75
ColliOrientali,44,11,RefoscoPr,2023,anthocians,1404
ColliOrientali,44,11,RefoscoPr,2024,anthocians,2110
ColliOrientali,44,11,Ribolla,2006,bunchNo,21
ColliOrientali,44,11,Ribolla,2007,bunchNo,21
ColliOrientali,44,11,Ribolla,2008,bunchNo,17
ColliOrientali,44,11,Ribolla,2009,bunchNo,15
ColliOrientali,44,11,Ribolla,2010,bunchNo,18
ColliOrientali,44,11,Ribolla,2011,bunchNo,17
ColliOrientali,44,11,Ribolla,2012,bunchNo,19
ColliOrientali,44,11,Ribolla,2013,bunchNo,14
ColliOrientali,44,11,Ribolla,2014,bunchNo,14
ColliOrientali,44,11,Ribolla,2015,bunchNo,16
ColliOrientali,44,11,Ribolla,2016,bunchNo,24
ColliOrientali,44,11,Ribolla,2017,bunchNo,14
ColliOrientali,44,11,Ribolla,2018,bunchNo,21
ColliOrientali,44,11,Ribolla,2019,bunchNo,20
ColliOrientali,44,11,Ribolla,2006,berriesNo,58
ColliOrientali,44,11,Ribolla,2007,berriesNo,95
ColliOrientali,44,11,Ribolla,2008,berriesNo,95
ColliOrientali,44,11,Ribolla,2009,berriesNo,91
ColliOrientali,44,11,Ribolla,2010,berriesNo,79
ColliOrientali,44,11,Ribolla,2011,berriesNo,95
ColliOrientali,44,11,Ribolla,2012,berriesNo,93
ColliOrientali,44,11,Ribolla,2013,berriesNo,96
ColliOrientali,44,11,Ribolla,2014,berriesNo,76
ColliOrientali,44,11,Ribolla,2015,berriesNo,79
ColliOrientali,44,11,Ribolla,2016,berriesNo,96
ColliOrientali,44,11,Ribolla,2017,berriesNo,104
ColliOrientali,44,11,Ribolla,2018,berriesNo,88
ColliOrientali,44,11,Ribolla,2019,berriesNo,85
ColliOrientali,44,11,Ribolla,2020,berriesNo,93
ColliOrientali,44,11,Ribolla,2021,berriesNo,85
ColliOrientali,44,11,Ribolla,2022,berriesNo,110
ColliOrientali,44,11,Ribolla,2023,berriesNo,93
ColliOrientali,44,11,Ribolla,2024,berriesNo,76
ColliOrientali,44,11,Ribolla,2006,berryWeight,2.14
ColliOrientali,44,11,Ribolla,2007,berryWeight,2.16
ColliOrientali,44,11,Ribolla,2008,berryWeight,2
ColliOrientali,44,11,Ribolla,2009,berryWeight,2.3
ColliOrientali,44,11,Ribolla,2010,berryWeight,2.13
ColliOrientali,44,11,Ribolla,2011,berryWeight,2
ColliOrientali,44,11,Ribolla,2012,berryWeight,1.52
ColliOrientali,44,11,Ribolla,2013,berryWeight,1.27
ColliOrientali,44,11,Ribolla,2014,berryWeight,2.25
ColliOrientali,44,11,Ribolla,2015,berryWeight,2.35
ColliOrientali,44,11,Ribolla,2016,berryWeight,1.81
ColliOrientali,44,11,Ribolla,2017,berryWeight,2.28
ColliOrientali,44,11,Ribolla,2018,berryWeight,2.66
ColliOrientali,44,11,Ribolla,2019,berryWeight,1.91
ColliOrientali,44,11,Ribolla,2020,berryWeight,2.14
ColliOrientali,44,11,Ribolla,2021,berryWeight,2.2
ColliOrientali,44,11,Ribolla,2022,berryWeight,1.7
ColliOrientali,44,11,Ribolla,2023,berryWeight,2.06
ColliOrientali,44,11,Ribolla,2024,berryWeight,1.6
ColliOrientali,44,11,Ribolla,2006,yield,2.61
ColliOrientali,44,11,Ribolla,2007,yield,4.31
ColliOrientali,44,11,Ribolla,2008,yield,3.23
ColliOrientali,44,11,Ribolla,2009,yield,3.14
ColliOrientali,44,11,Ribolla,2010,yield,3.03
ColliOrientali,44,11,Ribolla,2011,yield,3.23
ColliOrientali,44,11,Ribolla,2012,yield,2.69
ColliOrientali,44,11,Ribolla,2013,yield,1.71
ColliOrientali,44,11,Ribolla,2014,yield,2.39
ColliOrientali,44,11,Ribolla,2015,yield,2.97
ColliOrientali,44,11,Ribolla,2016,yield,4.17
ColliOrientali,44,11,Ribolla,2017,yield,3.32
ColliOrientali,44,11,Ribolla,2018,yield,4.92
ColliOrientali,44,11,Ribolla,2019,yield,3.25
ColliOrientali,44,11,Ribolla,2008,sugar,19
ColliOrientali,44,11,Ribolla,2009,sugar,21.2
ColliOrientali,44,11,Ribolla,2010,sugar,21.4
ColliOrientali,44,11,Ribolla,2011,sugar,20.7
ColliOrientali,44,11,Ribolla,2012,sugar,19.3
ColliOrientali,44,11,Ribolla,2013,sugar,18.5
ColliOrientali,44,11,Ribolla,2014,sugar,17.2
ColliOrientali,44,11,Ribolla,2015,sugar,18.5
ColliOrientali,44,11,Ribolla,2016,sugar,19
ColliOrientali,44,11,Ribolla,2017,sugar,19
ColliOrientali,44,11,Ribolla,2018,sugar,18.3
ColliOrientali,44,11,Ribolla,2019,sugar,18.8
ColliOrientali,44,11,Ribolla,2020,sugar,19.2
ColliOrientali,44,11,Ribolla,2021,sugar,19
ColliOrientali,44,11,Ribolla,2023,sugar,18.3
ColliOrientali,44,11,Ribolla,2008,acid,9.1
ColliOrientali,44,11,Ribolla,2009,acid,5
ColliOrientali,44,11,Ribolla,2010,acid,8.2
ColliOrientali,44,11,Ribolla,2011,acid,5.4
ColliOrientali,44,11,Ribolla,2012,acid,5.9
ColliOrientali,44,11,Ribolla,2013,acid,6.9
ColliOrientali,44,11,Ribolla,2014,acid,10.9
ColliOrientali,44,11,Ribolla,2015,acid,6.3
ColliOrientali,44,11,Ribolla,2016,acid,6.6
ColliOrientali,44,11,Ribolla,2017,acid,6.3
ColliOrientali,44,11,Ribolla,2018,acid,5.4
ColliOrientali,44,11,Ribolla,2019,acid,6.4
ColliOrientali,44,11,Ribolla,2020,acid,6.6
ColliOrientali,44,11,Ribolla,2021,acid,7
ColliOrientali,44,11,Ribolla,2023,acid,6.7
ColliOrientali,44,11,SauvignonB,2006,bunchNo,13
ColliOrientali,44,11,SauvignonB,2007,bunchNo,14
ColliOrientali,44,11,SauvignonB,2008,bunchNo,13
ColliOrientali,44,11,SauvignonB,2009,bunchNo,11
ColliOrientali,44,11,SauvignonB,2010,bunchNo,16
ColliOrientali,44,11,SauvignonB,2011,bunchNo,17
ColliOrientali,44,11,SauvignonB,2012,bunchNo,18
ColliOrientali,44,11,SauvignonB,2013,bunchNo,10
ColliOrientali,44,11,SauvignonB,2014,bunchNo,12
ColliOrientali,44,11,SauvignonB,2015,bunchNo,17
ColliOrientali,44,11,SauvignonB,2016,bunchNo,15
ColliOrientali,44,11,SauvignonB,2017,bunchNo,10
ColliOrientali,44,11,SauvignonB,2018,bunchNo,16
ColliOrientali,44,11,SauvignonB,2019,bunchNo,17
ColliOrientali,44,11,SauvignonB,2006,berriesNo,64
ColliOrientali,44,11,SauvignonB,2007,berriesNo,92
ColliOrientali,44,11,SauvignonB,2008,berriesNo,80
ColliOrientali,44,11,SauvignonB,2009,berriesNo,108
ColliOrientali,44,11,SauvignonB,2010,berriesNo,113
ColliOrientali,44,11,SauvignonB,2011,berriesNo,66
ColliOrientali,44,11,SauvignonB,2012,berriesNo,112
ColliOrientali,44,11,SauvignonB,2013,berriesNo,86
ColliOrientali,44,11,SauvignonB,2014,berriesNo,77
ColliOrientali,44,11,SauvignonB,2015,berriesNo,82
ColliOrientali,44,11,SauvignonB,2016,berriesNo,83
ColliOrientali,44,11,SauvignonB,2017,berriesNo,83
ColliOrientali,44,11,SauvignonB,2018,berriesNo,101
ColliOrientali,44,11,SauvignonB,2019,berriesNo,96
ColliOrientali,44,11,SauvignonB,2020,berriesNo,90
ColliOrientali,44,11,SauvignonB,2021,berriesNo,90
ColliOrientali,44,11,SauvignonB,2022,berriesNo,100
ColliOrientali,44,11,SauvignonB,2023,berriesNo,115
ColliOrientali,44,11,SauvignonB,2024,berriesNo,85
ColliOrientali,44,11,SauvignonB,2006,berryWeight,1.26
ColliOrientali,44,11,SauvignonB,2007,berryWeight,1.64
ColliOrientali,44,11,SauvignonB,2008,berryWeight,1.53
ColliOrientali,44,11,SauvignonB,2009,berryWeight,2
ColliOrientali,44,11,SauvignonB,2010,berryWeight,1.74
ColliOrientali,44,11,SauvignonB,2011,berryWeight,1.77
ColliOrientali,44,11,SauvignonB,2012,berryWeight,0.89
ColliOrientali,44,11,SauvignonB,2013,berryWeight,1.08
ColliOrientali,44,11,SauvignonB,2014,berryWeight,2.04
ColliOrientali,44,11,SauvignonB,2015,berryWeight,1.51
ColliOrientali,44,11,SauvignonB,2016,berryWeight,1.27
ColliOrientali,44,11,SauvignonB,2017,berryWeight,1.61
ColliOrientali,44,11,SauvignonB,2018,berryWeight,1.68
ColliOrientali,44,11,SauvignonB,2019,berryWeight,1.28
ColliOrientali,44,11,SauvignonB,2020,berryWeight,1.71
ColliOrientali,44,11,SauvignonB,2021,berryWeight,1.45
ColliOrientali,44,11,SauvignonB,2022,berryWeight,1.32
ColliOrientali,44,11,SauvignonB,2023,berryWeight,1.53
ColliOrientali,44,11,SauvignonB,2024,berryWeight,1.2
ColliOrientali,44,11,SauvignonB,2006,yield,1.05
ColliOrientali,44,11,SauvignonB,2007,yield,2.11
ColliOrientali,44,11,SauvignonB,2008,yield,1.59
ColliOrientali,44,11,SauvignonB,2009,yield,2.38
ColliOrientali,44,11,SauvignonB,2010,yield,3.15
ColliOrientali,44,11,SauvignonB,2011,yield,1.99
ColliOrientali,44,11,SauvignonB,2012,yield,1.79
ColliOrientali,44,11,SauvignonB,2013,yield,0.93
ColliOrientali,44,11,SauvignonB,2014,yield,1.88
ColliOrientali,44,11,SauvignonB,2015,yield,2.1
ColliOrientali,44,11,SauvignonB,2016,yield,1.58
ColliOrientali,44,11,SauvignonB,2017,yield,1.34
ColliOrientali,44,11,SauvignonB,2018,yield,2.71
ColliOrientali,44,11,SauvignonB,2019,yield,2.09
ColliOrientali,44,11,SauvignonB,2008,sugar,22.5
ColliOrientali,44,11,SauvignonB,2009,sugar,23.1
ColliOrientali,44,11,SauvignonB,2010,sugar,21.2
ColliOrientali,44,11,SauvignonB,2011,sugar,26.3
ColliOrientali,44,11,SauvignonB,2013,sugar,22.4
ColliOrientali,44,11,SauvignonB,2014,sugar,18.7
ColliOrientali,44,11,SauvignonB,2015,sugar,21
ColliOrientali,44,11,SauvignonB,2016,sugar,22.2
ColliOrientali,44,11,SauvignonB,2017,sugar,20.8
ColliOrientali,44,11,SauvignonB,2018,sugar,21
ColliOrientali,44,11,SauvignonB,2019,sugar,21.9
ColliOrientali,44,11,SauvignonB,2020,sugar,21.1
ColliOrientali,44,11,SauvignonB,2021,sugar,21.9
ColliOrientali,44,11,SauvignonB,2023,sugar,21.4
ColliOrientali,44,11,SauvignonB,2008,acid,8.5
ColliOrientali,44,11,SauvignonB,2009,acid,7.3
ColliOrientali,44,11,SauvignonB,2010,acid,7.1
ColliOrientali,44,11,SauvignonB,2011,acid,7.19
ColliOrientali,44,11,SauvignonB,2013,acid,7.2
ColliOrientali,44,11,SauvignonB,2014,acid,10.3
ColliOrientali,44,11,SauvignonB,2015,acid,7.3
ColliOrientali,44,11,SauvignonB,2016,acid,6.7
ColliOrientali,44,11,SauvignonB,2017,acid,7.1
ColliOrientali,44,11,SauvignonB,2018,acid,6
ColliOrientali,44,11,SauvignonB,2019,acid,6.2
ColliOrientali,44,11,SauvignonB,2020,acid,6.4
ColliOrientali,44,11,SauvignonB,2021,acid,6.8
ColliOrientali,44,11,SauvignonB,2023,acid,6.3
ColliOrientali,44,11,Schioppettino,2006,bunchNo,13
ColliOrientali,44,11,Schioppettino,2007,bunchNo,14
ColliOrientali,44,11,Schioppettino,2008,bunchNo,13
ColliOrientali,44,11,Schioppettino,2009,bunchNo,8
ColliOrientali,44,11,Schioppettino,2010,bunchNo,10
ColliOrientali,44,11,Schioppettino,2011,bunchNo,6
ColliOrientali,44,11,Schioppettino,2012,bunchNo,7
ColliOrientali,44,11,Schioppettino,2013,bunchNo,8
ColliOrientali,44,11,Schioppettino,2014,bunchNo,7
ColliOrientali,44,11,Schioppettino,2015,bunchNo,10
ColliOrientali,44,11,Schioppettino,2016,bunchNo,9
ColliOrientali,44,11,Schioppettino,2017,bunchNo,6
ColliOrientali,44,11,Schioppettino,2018,bunchNo,12
ColliOrientali,44,11,Schioppettino,2019,bunchNo,9
ColliOrientali,44,11,Schioppettino,2006,berriesNo,78
ColliOrientali,44,11,Schioppettino,2007,berriesNo,127
ColliOrientali,44,11,Schioppettino,2008,berriesNo,88
ColliOrientali,44,11,Schioppettino,2009,berriesNo,67
ColliOrientali,44,11,Schioppettino,2010,berriesNo,127
ColliOrientali,44,11,Schioppettino,2011,berriesNo,139
ColliOrientali,44,11,Schioppettino,2012,berriesNo,101
ColliOrientali,44,11,Schioppettino,2013,berriesNo,69
ColliOrientali,44,11,Schioppettino,2014,berriesNo,96
ColliOrientali,44,11,Schioppettino,2015,berriesNo,102
ColliOrientali,44,11,Schioppettino,2016,berriesNo,127
ColliOrientali,44,11,Schioppettino,2017,berriesNo,97
ColliOrientali,44,11,Schioppettino,2018,berriesNo,111
ColliOrientali,44,11,Schioppettino,2019,berriesNo,129
ColliOrientali,44,11,Schioppettino,2020,berriesNo,100
ColliOrientali,44,11,Schioppettino,2021,berriesNo,118
ColliOrientali,44,11,Schioppettino,2022,berriesNo,140
ColliOrientali,44,11,Schioppettino,2023,berriesNo,80
ColliOrientali,44,11,Schioppettino,2024,berriesNo,80
ColliOrientali,44,11,Schioppettino,2006,berryWeight,2.01
ColliOrientali,44,11,Schioppettino,2007,berryWeight,2.13
ColliOrientali,44,11,Schioppettino,2008,berryWeight,2.15
ColliOrientali,44,11,Schioppettino,2009,berryWeight,2.76
ColliOrientali,44,11,Schioppettino,2010,berryWeight,2.52
ColliOrientali,44,11,Schioppettino,2011,berryWeight,2.63
ColliOrientali,44,11,Schioppettino,2012,berryWeight,2.1
ColliOrientali,44,11,Schioppettino,2013,berryWeight,1.97
ColliOrientali,44,11,Schioppettino,2014,berryWeight,2.51
ColliOrientali,44,11,Schioppettino,2015,berryWeight,2.39
ColliOrientali,44,11,Schioppettino,2016,berryWeight,2.37
ColliOrientali,44,11,Schioppettino,2017,berryWeight,2.64
ColliOrientali,44,11,Schioppettino,2018,berryWeight,2.58
ColliOrientali,44,11,Schioppettino,2019,berryWeight,2.1
ColliOrientali,44,11,Schioppettino,2020,berryWeight,2.53
ColliOrientali,44,11,Schioppettino,2021,berryWeight,2.6
ColliOrientali,44,11,Schioppettino,2022,berryWeight,2
ColliOrientali,44,11,Schioppettino,2023,berryWeight,2.62
ColliOrientali,44,11,Schioppettino,2024,berryWeight,2.25
ColliOrientali,44,11,Schioppettino,2006,yield,2.04
ColliOrientali,44,11,Schioppettino,2007,yield,3.79
ColliOrientali,44,11,Schioppettino,2008,yield,2.46
ColliOrientali,44,11,Schioppettino,2009,yield,1.48
ColliOrientali,44,11,Schioppettino,2010,yield,3.2
ColliOrientali,44,11,Schioppettino,2011,yield,2.19
ColliOrientali,44,11,Schioppettino,2012,yield,1.48
ColliOrientali,44,11,Schioppettino,2013,yield,1.09
ColliOrientali,44,11,Schioppettino,2014,yield,1.69
ColliOrientali,44,11,Schioppettino,2015,yield,2.44
ColliOrientali,44,11,Schioppettino,2016,yield,2.71
ColliOrientali,44,11,Schioppettino,2017,yield,1.54
ColliOrientali,44,11,Schioppettino,2018,yield,3.44
ColliOrientali,44,11,Schioppettino,2019,yield,2.44
ColliOrientali,44,11,Schioppettino,2008,sugar,23.1
ColliOrientali,44,11,Schioppettino,2009,sugar,22.3
ColliOrientali,44,11,Schioppettino,2010,sugar,19.9
ColliOrientali,44,11,Schioppettino,2011,sugar,21.6
ColliOrientali,44,11,Schioppettino,2012,sugar,21.9
ColliOrientali,44,11,Schioppettino,2013,sugar,21.7
ColliOrientali,44,11,Schioppettino,2014,sugar,19
ColliOrientali,44,11,Schioppettino,2015,sugar,22.3
ColliOrientali,44,11,Schioppettino,2016,sugar,21.8
ColliOrientali,44,11,Schioppettino,2017,sugar,20.9
ColliOrientali,44,11,Schioppettino,2018,sugar,21.2
ColliOrientali,44,11,Schioppettino,2019,sugar,21.5
ColliOrientali,44,11,Schioppettino,2020,sugar,19.7
ColliOrientali,44,11,Schioppettino,2021,sugar,21.8
ColliOrientali,44,11,Schioppettino,2022,sugar,21.4
ColliOrientali,44,11,Schioppettino,2023,sugar,20
ColliOrientali,44,11,Schioppettino,2008,acid,5.8
ColliOrientali,44,11,Schioppettino,2009,acid,4.6
ColliOrientali,44,11,Schioppettino,2010,acid,5.3
ColliOrientali,44,11,Schioppettino,2011,acid,4.8
ColliOrientali,44,11,Schioppettino,2012,acid,4.9
ColliOrientali,44,11,Schioppettino,2013,acid,4.9
ColliOrientali,44,11,Schioppettino,2014,acid,7.1
ColliOrientali,44,11,Schioppettino,2015,acid,4.4
ColliOrientali,44,11,Schioppettino,2016,acid,4.6
ColliOrientali,44,11,Schioppettino,2017,acid,5.1
ColliOrientali,44,11,Schioppettino,2018,acid,4.4
ColliOrientali,44,11,Schioppettino,2019,acid,4.6
ColliOrientali,44,11,Schioppettino,2020,acid,5
ColliOrientali,44,11,Schioppettino,2021,acid,4.5
ColliOrientali,44,11,Schioppettino,2022,acid,4.6
ColliOrientali,44,11,Schioppettino,2023,acid,5.2
ColliOrientali,44,11,Schioppettino,2001,anthocians,1527.34
ColliOrientali,44,11,Schioppettino,2003,anthocians,1671.88
ColliOrientali,44,11,Schioppettino,2004,anthocians,1902.34
ColliOrientali,44,11,Schioppettino,2005,anthocians,1824.22
ColliOrientali,44,11,Schioppettino,2006,anthocians,1750
ColliOrientali,44,11,Schioppettino,2007,anthocians,1730.469
ColliOrientali,44,11,Schioppettino,2008,anthocians,1384
ColliOrientali,44,11,Schioppettino,2009,anthocians,1148
ColliOrientali,44,11,Schioppettino,2010,anthocians,1131
ColliOrientali,44,11,Schioppettino,2011,anthocians,1558
ColliOrientali,44,11,Schioppettino,2012,anthocians,1582
ColliOrientali,44,11,Schioppettino,2013,anthocians,1830.71
ColliOrientali,44,11,Schioppettino,2015,anthocians,1259.84
ColliOrientali,44,11,Schioppettino,2016,anthocians,1496.06
ColliOrientali,44,11,Schioppettino,2017,anthocians,826.77
ColliOrientali,44,11,Schioppettino,2018,anthocians,1220.47
ColliOrientali,44,11,Schioppettino,2019,anthocians,1210.63
ColliOrientali,44,11,Schioppettino,2020,anthocians,1397.64
ColliOrientali,44,11,Schioppettino,2021,anthocians,1909.45
ColliOrientali,44,11,Schioppettino,2022,anthocians,1456.69
ColliOrientali,44,11,Schioppettino,2023,anthocians,993
ColliOrientali,44,11,Schioppettino,2024,anthocians,1413
ColliOrientali,44,11,TocaiFr,2006,bunchNo,12
ColliOrientali,44,11,TocaiFr,2007,bunchNo,9
ColliOrientali,44,11,TocaiFr,2008,bunchNo,13
ColliOrientali,44,11,TocaiFr,2009,bunchNo,14
ColliOrientali,44,11,TocaiFr,2010,bunchNo,16
ColliOrientali,44,11,TocaiFr,2011,bunchNo,8
ColliOrientali,44,11,TocaiFr,2012,bunchNo,22
ColliOrientali,44,11,TocaiFr,2013,bunchNo,8
ColliOrientali,44,11,TocaiFr,2014,bunchNo,10
ColliOrientali,44,11,TocaiFr,2015,bunchNo,14
ColliOrientali,44,11,TocaiFr,2016,bunchNo,14
ColliOrientali,44,11,TocaiFr,2017,bunchNo,8
ColliOrientali,44,11,TocaiFr,2018,bunchNo,16
ColliOrientali,44,11,TocaiFr,2019,bunchNo,15
ColliOrientali,44,11,TocaiFr,2006,berriesNo,100
ColliOrientali,44,11,TocaiFr,2007,berriesNo,166
ColliOrientali,44,11,TocaiFr,2008,berriesNo,207
ColliOrientali,44,11,TocaiFr,2009,berriesNo,150
ColliOrientali,44,11,TocaiFr,2010,berriesNo,145
ColliOrientali,44,11,TocaiFr,2011,berriesNo,150
ColliOrientali,44,11,TocaiFr,2012,berriesNo,141
ColliOrientali,44,11,TocaiFr,2013,berriesNo,87
ColliOrientali,44,11,TocaiFr,2014,berriesNo,140
ColliOrientali,44,11,TocaiFr,2015,berriesNo,117
ColliOrientali,44,11,TocaiFr,2016,berriesNo,123
ColliOrientali,44,11,TocaiFr,2017,berriesNo,138
ColliOrientali,44,11,TocaiFr,2018,berriesNo,166
ColliOrientali,44,11,TocaiFr,2019,berriesNo,126
ColliOrientali,44,11,TocaiFr,2020,berriesNo,143
ColliOrientali,44,11,TocaiFr,2021,berriesNo,137
ColliOrientali,44,11,TocaiFr,2022,berriesNo,155
ColliOrientali,44,11,TocaiFr,2023,berriesNo,142
ColliOrientali,44,11,TocaiFr,2024,berriesNo,105
ColliOrientali,44,11,TocaiFr,2006,berryWeight,1.22
ColliOrientali,44,11,TocaiFr,2007,berryWeight,1.49
ColliOrientali,44,11,TocaiFr,2008,berryWeight,0.82
ColliOrientali,44,11,TocaiFr,2009,berryWeight,1.51
ColliOrientali,44,11,TocaiFr,2010,berryWeight,1.24
ColliOrientali,44,11,TocaiFr,2011,berryWeight,1.5
ColliOrientali,44,11,TocaiFr,2012,berryWeight,1.3
ColliOrientali,44,11,TocaiFr,2013,berryWeight,1.24
ColliOrientali,44,11,TocaiFr,2014,berryWeight,1.24
ColliOrientali,44,11,TocaiFr,2015,berryWeight,1.27
ColliOrientali,44,11,TocaiFr,2016,berryWeight,1.16
ColliOrientali,44,11,TocaiFr,2017,berryWeight,1.65
ColliOrientali,44,11,TocaiFr,2018,berryWeight,1.36
ColliOrientali,44,11,TocaiFr,2019,berryWeight,1.53
ColliOrientali,44,11,TocaiFr,2020,berryWeight,1.41
ColliOrientali,44,11,TocaiFr,2021,berryWeight,1.53
ColliOrientali,44,11,TocaiFr,2022,berryWeight,1.22
ColliOrientali,44,11,TocaiFr,2023,berryWeight,1.28
ColliOrientali,44,11,TocaiFr,2024,berryWeight,1.35
ColliOrientali,44,11,TocaiFr,2006,yield,1.46
ColliOrientali,44,11,TocaiFr,2007,yield,2.23
ColliOrientali,44,11,TocaiFr,2008,yield,2.21
ColliOrientali,44,11,TocaiFr,2009,yield,3.17
ColliOrientali,44,11,TocaiFr,2010,yield,2.88
ColliOrientali,44,11,TocaiFr,2011,yield,1.8
ColliOrientali,44,11,TocaiFr,2012,yield,4.03
ColliOrientali,44,11,TocaiFr,2013,yield,0.86
ColliOrientali,44,11,TocaiFr,2014,yield,1.74
ColliOrientali,44,11,TocaiFr,2015,yield,2.08
ColliOrientali,44,11,TocaiFr,2016,yield,2
ColliOrientali,44,11,TocaiFr,2017,yield,1.82
ColliOrientali,44,11,TocaiFr,2018,yield,3.61
ColliOrientali,44,11,TocaiFr,2019,yield,2.89
ColliOrientali,44,11,TocaiFr,2008,sugar,22.5
ColliOrientali,44,11,TocaiFr,2009,sugar,22.4
ColliOrientali,44,11,TocaiFr,2010,sugar,21.6
ColliOrientali,44,11,TocaiFr,2011,sugar,21.4
ColliOrientali,44,11,TocaiFr,2012,sugar,20.9
ColliOrientali,44,11,TocaiFr,2013,sugar,21.7
ColliOrientali,44,11,TocaiFr,2014,sugar,17.6
ColliOrientali,44,11,TocaiFr,2015,sugar,21
ColliOrientali,44,11,TocaiFr,2016,sugar,21.3
ColliOrientali,44,11,TocaiFr,2017,sugar,20.1
ColliOrientali,44,11,TocaiFr,2018,sugar,19.4
ColliOrientali,44,11,TocaiFr,2019,sugar,20.9
ColliOrientali,44,11,TocaiFr,2020,sugar,18.5
ColliOrientali,44,11,TocaiFr,2021,sugar,22.5
ColliOrientali,44,11,TocaiFr,2023,sugar,18.7
ColliOrientali,44,11,TocaiFr,2008,acid,6.1
ColliOrientali,44,11,TocaiFr,2009,acid,5
ColliOrientali,44,11,TocaiFr,2010,acid,6.6
ColliOrientali,44,11,TocaiFr,2011,acid,5.2
ColliOrientali,44,11,TocaiFr,2012,acid,5
ColliOrientali,44,11,TocaiFr,2013,acid,5.2
ColliOrientali,44,11,TocaiFr,2014,acid,7.8
ColliOrientali,44,11,TocaiFr,2015,acid,5.1
ColliOrientali,44,11,TocaiFr,2016,acid,5
ColliOrientali,44,11,TocaiFr,2017,acid,5.2
ColliOrientali,44,11,TocaiFr,2018,acid,4.8
ColliOrientali,44,11,TocaiFr,2019,acid,5.2
ColliOrientali,44,11,TocaiFr,2020,acid,6.5
ColliOrientali,44,11,TocaiFr,2021,acid,5
ColliOrientali,44,11,TocaiFr,2023,acid,6.1
ColliOrientali,44,11,VerduzzoFr,2006,bunchNo,10
ColliOrientali,44,11,VerduzzoFr,2007,bunchNo,8
ColliOrientali,44,11,VerduzzoFr,2008,bunchNo,8
ColliOrientali,44,11,VerduzzoFr,2009,bunchNo,6
ColliOrientali,44,11,VerduzzoFr,2010,bunchNo,9
ColliOrientali,44,11,VerduzzoFr,2011,bunchNo,10
ColliOrientali,44,11,VerduzzoFr,2012,bunchNo,11
ColliOrientali,44,11,VerduzzoFr,2013,bunchNo,7
ColliOrientali,44,11,VerduzzoFr,2014,bunchNo,8
ColliOrientali,44,11,VerduzzoFr,2015,bunchNo,10
ColliOrientali,44,11,VerduzzoFr,2016,bunchNo,10
ColliOrientali,44,11,VerduzzoFr,2017,bunchNo,15
ColliOrientali,44,11,VerduzzoFr,2018,bunchNo,12
ColliOrientali,44,11,VerduzzoFr,2019,bunchNo,13
ColliOrientali,44,11,VerduzzoFr,2006,berriesNo,118
ColliOrientali,44,11,VerduzzoFr,2007,berriesNo,61
ColliOrientali,44,11,VerduzzoFr,2008,berriesNo,134
ColliOrientali,44,11,VerduzzoFr,2009,berriesNo,131
ColliOrientali,44,11,VerduzzoFr,2010,berriesNo,88
ColliOrientali,44,11,VerduzzoFr,2011,berriesNo,150
ColliOrientali,44,11,VerduzzoFr,2012,berriesNo,120
ColliOrientali,44,11,VerduzzoFr,2013,berriesNo,139
ColliOrientali,44,11,VerduzzoFr,2014,berriesNo,150
ColliOrientali,44,11,VerduzzoFr,2015,berriesNo,109
ColliOrientali,44,11,VerduzzoFr,2016,berriesNo,94
ColliOrientali,44,11,VerduzzoFr,2017,berriesNo,122
ColliOrientali,44,11,VerduzzoFr,2018,berriesNo,100
ColliOrientali,44,11,VerduzzoFr,2019,berriesNo,112
ColliOrientali,44,11,VerduzzoFr,2020,berriesNo,133
ColliOrientali,44,11,VerduzzoFr,2021,berriesNo,122
ColliOrientali,44,11,VerduzzoFr,2022,berriesNo,115
ColliOrientali,44,11,VerduzzoFr,2023,berriesNo,86
ColliOrientali,44,11,VerduzzoFr,2024,berriesNo,85
ColliOrientali,44,11,VerduzzoFr,2007,berryWeight,1.67
ColliOrientali,44,11,VerduzzoFr,2008,berryWeight,1.25
ColliOrientali,44,11,VerduzzoFr,2009,berryWeight,1.64
ColliOrientali,44,11,VerduzzoFr,2010,berryWeight,1.08
ColliOrientali,44,11,VerduzzoFr,2011,berryWeight,1.08
ColliOrientali,44,11,VerduzzoFr,2012,berryWeight,1.36
ColliOrientali,44,11,VerduzzoFr,2013,berryWeight,0.98
ColliOrientali,44,11,VerduzzoFr,2014,berryWeight,1.38
ColliOrientali,44,11,VerduzzoFr,2015,berryWeight,1.7
ColliOrientali,44,11,VerduzzoFr,2016,berryWeight,1.08
ColliOrientali,44,11,VerduzzoFr,2017,berryWeight,1.32
ColliOrientali,44,11,VerduzzoFr,2018,berryWeight,2.09
ColliOrientali,44,11,VerduzzoFr,2019,berryWeight,1.22
ColliOrientali,44,11,VerduzzoFr,2020,berryWeight,1.1
ColliOrientali,44,11,VerduzzoFr,2021,berryWeight,1.24
ColliOrientali,44,11,VerduzzoFr,2022,berryWeight,1.51
ColliOrientali,44,11,VerduzzoFr,2023,berryWeight,1.42
ColliOrientali,44,11,VerduzzoFr,2024,berryWeight,1.3
ColliOrientali,44,11,TocaiFr,2007,yield,0.81
ColliOrientali,44,11,TocaiFr,2008,yield,1.34
ColliOrientali,44,11,TocaiFr,2009,yield,1.29
ColliOrientali,44,11,TocaiFr,2010,yield,0.86
ColliOrientali,44,11,TocaiFr,2011,yield,1.62
ColliOrientali,44,11,TocaiFr,2012,yield,1.8
ColliOrientali,44,11,TocaiFr,2013,yield,0.95
ColliOrientali,44,11,TocaiFr,2014,yield,1.66
ColliOrientali,44,11,TocaiFr,2015,yield,1.85
ColliOrientali,44,11,TocaiFr,2016,yield,1.02
ColliOrientali,44,11,TocaiFr,2017,yield,2.42
ColliOrientali,44,11,TocaiFr,2018,yield,2.51
ColliOrientali,44,11,TocaiFr,2019,yield,1.78
ColliOrientali,44,11,VerduzzoFr,2008,sugar,24
ColliOrientali,44,11,VerduzzoFr,2009,sugar,23.8
ColliOrientali,44,11,VerduzzoFr,2010,sugar,23.9
ColliOrientali,44,11,VerduzzoFr,2012,sugar,22.7
ColliOrientali,44,11,VerduzzoFr,2013,sugar,22.9
ColliOrientali,44,11,VerduzzoFr,2014,sugar,20.6
ColliOrientali,44,11,VerduzzoFr,2015,sugar,23
ColliOrientali,44,11,VerduzzoFr,2016,sugar,23.4
ColliOrientali,44,11,VerduzzoFr,2017,sugar,20.7
ColliOrientali,44,11,VerduzzoFr,2018,sugar,24.6
ColliOrientali,44,11,VerduzzoFr,2019,sugar,23.7
ColliOrientali,44,11,VerduzzoFr,2020,sugar,25.6
ColliOrientali,44,11,VerduzzoFr,2021,sugar,25.7
ColliOrientali,44,11,VerduzzoFr,2023,sugar,24
ColliOrientali,44,11,VerduzzoFr,2008,acid,6.9
ColliOrientali,44,11,VerduzzoFr,2009,acid,5.5
ColliOrientali,44,11,VerduzzoFr,2010,acid,5
ColliOrientali,44,11,VerduzzoFr,2012,acid,5.9
ColliOrientali,44,11,VerduzzoFr,2013,acid,6.3
ColliOrientali,44,11,VerduzzoFr,2014,acid,9.4
ColliOrientali,44,11,VerduzzoFr,2015,acid,4.6
ColliOrientali,44,11,VerduzzoFr,2016,acid,4.9
ColliOrientali,44,11,VerduzzoFr,2017,acid,6
ColliOrientali,44,11,VerduzzoFr,2018,acid,4.1
ColliOrientali,44,11,VerduzzoFr,2019,acid,4.6
ColliOrientali,44,11,VerduzzoFr,2020,acid,4.8
ColliOrientali,44,11,VerduzzoFr,2021,acid,4.7
ColliOrientali,44,11,VerduzzoFr,2023,acid,4.4
wurzburg,49.82,9.95,Riesling,2010,yield,55.21
wurzburg,49.82,9.95,Riesling,2009,yield,63.8
wurzburg,49.82,9.95,Riesling,2008,yield,56.9
wurzburg,49.82,9.95,Riesling,2007,yield,59.47
wurzburg,49.82,9.95,Riesling,2006,yield,50
wurzburg,49.82,9.95,Riesling,2005,yield,53.1
wurzburg,49.82,9.95,Riesling,2004,yield,67.18
wurzburg,49.82,9.95,Riesling,2003,yield,50.84
wurzburg,49.82,9.95,Riesling,2002,yield,55.63
wurzburg,49.82,9.95,Riesling,2001,yield,36.62
wurzburg,49.82,9.95,Riesling,2000,yield,67.74
wurzburg,49.82,9.95,Riesling,1999,yield,53.94
wurzburg,49.82,9.95,Riesling,1998,yield,64.93
wurzburg,49.82,9.95,Riesling,1997,yield,40.14
wurzburg,49.82,9.95,Riesling,1996,yield,49.3
wurzburg,49.82,9.95,Riesling,1995,yield,43.52
wurzburg,49.82,9.95,Riesling,1994,yield,45.91
wurzburg,49.82,9.95,Riesling,1993,yield,62.67
wurzburg,49.82,9.95,Riesling,1992,yield,47.32
wurzburg,49.82,9.95,Riesling,1991,yield,38.31
wurzburg,49.82,9.95,Riesling,1990,yield,51.54
wurzburg,49.82,9.95,Riesling,1989,yield,46.06
wurzburg,49.82,9.95,Riesling,1988,yield,50.14
wurzburg,49.82,9.95,Riesling,1987,yield,52.11
wurzburg,49.82,9.95,Riesling,1986,yield,43.66
wurzburg,49.82,9.95,Riesling,1985,yield,66.76
wurzburg,49.82,9.95,Riesling,1984,yield,69.86
wurzburg,49.82,9.95,Riesling,1983,yield,98.73
wurzburg,49.82,9.95,Riesling,1982,yield,40.28
wurzburg,49.82,9.95,Riesling,1981,yield,33.94
wurzburg,49.82,9.95,Riesling,1980,yield,60.15
wurzburg,49.82,9.95,Riesling,1979,yield,37.33
wurzburg,49.82,9.95,Riesling,1978,yield,52.81
wurzburg,49.82,9.95,Riesling,1977,yield,36.56
wurzburg,49.82,9.95,Riesling,1976,yield,65.57
wurzburg,49.82,9.95,Riesling,1975,yield,41.97
wurzburg,49.82,9.95,Riesling,1974,yield,55.9
wurzburg,49.82,9.95,Riesling,1973,yield,42.16
wurzburg,49.82,9.95,Riesling,1972,yield,24.37
wurzburg,49.82,9.95,Riesling,1971,yield,58.99
wurzburg,49.82,9.95,Riesling,1970,yield,34.62
wurzburg,49.82,9.95,Riesling,1969,yield,37.52
wurzburg,49.82,9.95,Riesling,1968,yield,33.27
wurzburg,49.82,9.95,Riesling,1967,yield,23.98
wurzburg,49.82,9.95,Riesling,1965,yield,30.36
wurzburg,49.82,9.95,Riesling,1964,yield,44.29
wurzburg,49.82,9.95,Riesling,1962,yield,21.47
wurzburg,49.82,9.95,Riesling,2010,sugar,116.51
wurzburg,49.82,9.95,Riesling,2009,sugar,119.71
wurzburg,49.82,9.95,Riesling,2008,sugar,86.86
wurzburg,49.82,9.95,Riesling,2007,sugar,99.84
wurzburg,49.82,9.95,Riesling,2006,sugar,105.56
wurzburg,49.82,9.95,Riesling,2005,sugar,93.53
wurzburg,49.82,9.95,Riesling,2004,sugar,94.6
wurzburg,49.82,9.95,Riesling,2003,sugar,94.3
wurzburg,49.82,9.95,Riesling,2002,sugar,125.6
wurzburg,49.82,9.95,Riesling,2001,sugar,122.65
wurzburg,49.82,9.95,Riesling,2000,sugar,88.72
wurzburg,49.82,9.95,Riesling,1999,sugar,112.5
wurzburg,49.82,9.95,Riesling,1998,sugar,115.71
wurzburg,49.82,9.95,Riesling,1997,sugar,107.69
wurzburg,49.82,9.95,Riesling,1996,sugar,122.38
wurzburg,49.82,9.95,Riesling,1995,sugar,104.22
wurzburg,49.82,9.95,Riesling,1994,sugar,157.37
wurzburg,49.82,9.95,Riesling,1993,sugar,118.64
wurzburg,49.82,9.95,Riesling,1992,sugar,86.59
wurzburg,49.82,9.95,Riesling,1991,sugar,81.52
wurzburg,49.82,9.95,Riesling,1990,sugar,89.53
wurzburg,49.82,9.95,Riesling,1989,sugar,96.21
wurzburg,49.82,9.95,Riesling,1988,sugar,111.43
wurzburg,49.82,9.95,Riesling,1987,sugar,73.24
wurzburg,49.82,9.95,Riesling,1986,sugar,76.2
wurzburg,49.82,9.95,Riesling,1985,sugar,96.74
wurzburg,49.82,9.95,Riesling,1984,sugar,122.65
wurzburg,49.82,9.95,Riesling,1983,sugar,65.76
wurzburg,49.82,9.95,Riesling,1982,sugar,72.97
wurzburg,49.82,9.95,Riesling,1981,sugar,87.39
wurzburg,49.82,9.95,Riesling,1980,sugar,69.38
wurzburg,49.82,9.95,Riesling,1979,sugar,90.38
wurzburg,49.82,9.95,Riesling,1978,sugar,69.1
wurzburg,49.82,9.95,Riesling,1977,sugar,71.38
wurzburg,49.82,9.95,Riesling,1976,sugar,94.89
wurzburg,49.82,9.95,Riesling,1975,sugar,80.36
wurzburg,49.82,9.95,Riesling,1974,sugar,71.64
wurzburg,49.82,9.95,Riesling,1973,sugar,81.33
wurzburg,49.82,9.95,Riesling,1972,sugar,62.92
wurzburg,49.82,9.95,Riesling,1971,sugar,110.1
wurzburg,49.82,9.95,Riesling,1970,sugar,77.77
wurzburg,49.82,9.95,Riesling,1969,sugar,80.03
wurzburg,49.82,9.95,Riesling,1968,sugar,70.02
wurzburg,49.82,9.95,Riesling,1967,sugar,77.77
wurzburg,49.82,9.95,Riesling,1966,sugar,72.61
wurzburg,49.82,9.95,Riesling,1965,sugar,56.46
wurzburg,49.82,9.95,Riesling,1964,sugar,78.42
wurzburg,49.82,9.95,Riesling,1963,sugar,90.69
wurzburg,49.82,9.95,Riesling,1962,sugar,91.34
