Site,latitude,longitude,Variety,Year,Variable,Value,Unit
napa,38.3,122,CabernetS,1994,sugar,23.2,Bx
napa,38.3,122,CabernetS,1995,sugar,23.6,Bx
napa,38.3,122,CabernetS,1996,sugar,23.7,Bx
napa,38.3,122,CabernetS,1997,sugar,24.5,Bx
napa,38.3,122,CabernetS,1998,sugar,24,Bx
napa,38.3,122,CabernetS,1999,sugar,24.3,Bx
napa,38.3,122,CabernetS,2000,sugar,23.9,Bx
napa,38.3,122,CabernetS,2001,sugar,24.8,Bx
napa,38.3,122,CabernetS,2002,sugar,25.4,Bx
napa,38.3,122,CabernetS,2003,sugar,24.9,Bx
napa,38.3,122,CabernetS,2004,sugar,25.8,Bx
napa,38.3,122,CabernetS,2005,sugar,25.4,Bx
napa,38.3,122,CabernetS,2006,sugar,25.6,Bx
napa,38.3,122,CabernetS,2007,sugar,25.9,Bx
napa,38.3,122,CabernetS,2008,sugar,25.7,Bx
napa,38.3,122,CabernetS,2009,sugar,25.1,Bx
napa,38.3,122,CabernetS,2010,sugar,24.5,Bx
napa,38.3,122,CabernetS,2011,sugar,23.8,Bx
napa,38.3,122,CabernetS,2012,sugar,25.1,Bx
napa,38.3,122,CabernetS,2013,sugar,26.3,Bx
napa,38.3,122,CabernetS,2014,sugar,26,Bx
napa,38.3,122,CabernetS,2015,sugar,26.1,Bx
napa,38.3,122,CabernetS,2016,sugar,25.9,Bx
napa,38.3,122,CabernetS,2017,sugar,25.2,Bx
napa,38.3,122,CabernetS,2018,sugar,25.3,Bx
napa,38.3,122,Merlot,1994,sugar,23.2,Bx
napa,38.3,122,Merlot,1995,sugar,23.3,Bx
napa,38.3,122,Merlot,1996,sugar,23.2,Bx
napa,38.3,122,Merlot,1997,sugar,24,Bx
napa,38.3,122,Merlot,1998,sugar,23.1,Bx
napa,38.3,122,Merlot,1999,sugar,24,Bx
napa,38.3,122,Merlot,2000,sugar,24,Bx
napa,38.3,122,Merlot,2001,sugar,20.2,Bx
napa,38.3,122,Merlot,2002,sugar,24.8,Bx
napa,38.3,122,Merlot,2003,sugar,24.6,Bx
napa,38.3,122,Merlot,2004,sugar,24.9,Bx
napa,38.3,122,Merlot,2005,sugar,24.4,Bx
napa,38.3,122,Merlot,2006,sugar,24.8,Bx
napa,38.3,122,Merlot,2007,sugar,24.7,Bx
napa,38.3,122,Merlot,2008,sugar,24.9,Bx
napa,38.3,122,Merlot,2009,sugar,24.6,Bx
napa,38.3,122,Merlot,2010,sugar,24.4,Bx
napa,38.3,122,Merlot,2011,sugar,23.8,Bx
napa,38.3,122,Merlot,2012,sugar,24.6,Bx
napa,38.3,122,Merlot,2013,sugar,25.1,Bx
napa,38.3,122,Merlot,2014,sugar,25.2,Bx
napa,38.3,122,Merlot,2015,sugar,25.2,Bx
napa,38.3,122,Merlot,2016,sugar,25.2,Bx
napa,38.3,122,Merlot,2017,sugar,25,Bx
napa,38.3,122,Merlot,2018,sugar,25.2,Bx
napa,38.3,122,SauvignonB,1994,sugar,22.4,Bx
napa,38.3,122,SauvignonB,1995,sugar,22.4,Bx
napa,38.3,122,SauvignonB,1996,sugar,22.5,Bx
napa,38.3,122,SauvignonB,1997,sugar,22.6,Bx
napa,38.3,122,SauvignonB,1998,sugar,22.4,Bx
napa,38.3,122,SauvignonB,1999,sugar,23.3,Bx
napa,38.3,122,SauvignonB,2000,sugar,23.2,Bx
napa,38.3,122,SauvignonB,2001,sugar,23.4,Bx
napa,38.3,122,SauvignonB,2002,sugar,23.5,Bx
napa,38.3,122,SauvignonB,2003,sugar,23.4,Bx
napa,38.3,122,SauvignonB,2004,sugar,23.7,Bx
napa,38.3,122,SauvignonB,2005,sugar,23.3,Bx
napa,38.3,122,SauvignonB,2006,sugar,23.5,Bx
napa,38.3,122,SauvignonB,2007,sugar,24,Bx
napa,38.3,122,SauvignonB,2008,sugar,23.8,Bx
napa,38.3,122,SauvignonB,2009,sugar,23.6,Bx
napa,38.3,122,SauvignonB,2010,sugar,23.4,Bx
napa,38.3,122,SauvignonB,2011,sugar,23.4,Bx
napa,38.3,122,SauvignonB,2012,sugar,23.4,Bx
napa,38.3,122,SauvignonB,2013,sugar,23.6,Bx
napa,38.3,122,SauvignonB,2014,sugar,23.4,Bx
napa,38.3,122,SauvignonB,2015,sugar,23.8,Bx
napa,38.3,122,SauvignonB,2016,sugar,23.4,Bx
napa,38.3,122,SauvignonB,2017,sugar,23.6,Bx
napa,38.3,122,SauvignonB,2018,sugar,23.5,Bx
napa,38.3,122,Chardonnay,1994,sugar,22.8,Bx
napa,38.3,122,Chardonnay,1995,sugar,23.1,Bx
napa,38.3,122,Chardonnay,1996,sugar,23.3,Bx
napa,38.3,122,Chardonnay,1997,sugar,23.6,Bx
napa,38.3,122,Chardonnay,1998,sugar,22.8,Bx
napa,38.3,122,Chardonnay,1999,sugar,23.5,Bx
napa,38.3,122,Chardonnay,2000,sugar,23.5,Bx
napa,38.3,122,Chardonnay,2001,sugar,24,Bx
napa,38.3,122,Chardonnay,2002,sugar,23.6,Bx
napa,38.3,122,Chardonnay,2003,sugar,23.6,Bx
napa,38.3,122,Chardonnay,2004,sugar,24.1,Bx
napa,38.3,122,Chardonnay,2005,sugar,23.5,Bx
napa,38.3,122,Chardonnay,2006,sugar,23.7,Bx
napa,38.3,122,Chardonnay,2007,sugar,23.8,Bx
napa,38.3,122,Chardonnay,2008,sugar,24,Bx
napa,38.3,122,Chardonnay,2009,sugar,23.6,Bx
napa,38.3,122,Chardonnay,2010,sugar,23.3,Bx
napa,38.3,122,Chardonnay,2011,sugar,23.2,Bx
napa,38.3,122,Chardonnay,2012,sugar,23.5,Bx
napa,38.3,122,Chardonnay,2013,sugar,23.8,Bx
napa,38.3,122,Chardonnay,2014,sugar,23.9,Bx
napa,38.3,122,Chardonnay,2015,sugar,24,Bx
napa,38.3,122,Chardonnay,2016,sugar,23.7,Bx
napa,38.3,122,Chardonnay,2017,sugar,23.5,Bx
napa,38.3,122,Chardonnay,2018,sugar,23.3,Bx
oysterBay,-41.25,174.25,Sauvignon,2005,yield,3,kg vine-1
oysterBay,-41.25,174.25,Sauvignon,2006,yield,4.43,kg vine-1
oysterBay,-41.25,174.25,Sauvignon,2007,yield,2.37,kg vine-1
oysterBay,-41.25,174.25,Sauvignon,2008,yield,5.17,kg vine-1
oysterBay,-41.25,174.25,Sauvignon,2009,yield,4.57,kg vine-1
oysterBay,-41.25,174.25,Sauvignon,2010,yield,6.6,kg vine-1
oysterBay,-41.25,174.25,Sauvignon,2011,yield,9.01,kg vine-1
oysterBay,-41.25,174.25,Sauvignon,2012,yield,4.87,kg vine-1
oysterBay,-41.25,174.25,Sauvignon,2013,yield,5.01,kg vine-1
oysterBay,-41.25,174.25,Sauvignon,2014,yield,7.18,kg vine-1
oysterBay,-41.25,174.25,Sauvignon,2015,yield,5.42,kg vine-1
oysterBay,-41.25,174.25,Sauvignon,2016,yield,5.31,kg vine-1
oysterBay,-41.25,174.25,Sauvignon,2017,yield,5.74,kg vine-1
oysterBay,-41.25,174.25,Sauvignon,2018,yield,7.54,kg vine-1
oysterBay,-41.25,174.25,Sauvignon,2019,yield,4.67,kg vine-1
penedes,41.53,1.77,Chardonnay,1998,yield,1302,kg ha-1
penedes,41.53,1.77,Chardonnay,1999,yield,1999,kg ha-1
penedes,41.53,1.77,Chardonnay,2000,yield,1504,kg ha-1
penedes,41.53,1.77,Chardonnay,2001,yield,1144,kg ha-1
penedes,41.53,1.77,Chardonnay,2002,yield,2333,kg ha-1
penedes,41.53,1.77,Chardonnay,2003,yield,1228,kg ha-1
penedes,41.53,1.77,Chardonnay,2004,yield,1951,kg ha-1
penedes,41.53,1.77,Chardonnay,2005,yield,1031,kg ha-1
penedes,41.53,1.77,Chardonnay,2006,yield,1087,kg ha-1
penedes,41.53,1.77,Chardonnay,2007,yield,1644,kg ha-1
penedes,41.53,1.77,Chardonnay,2008,yield,1561,kg ha-1
penedes,41.53,1.77,Chardonnay,2009,yield,1679,kg ha-1
penedes,41.53,1.77,Chardonnay,2010,yield,1280,kg ha-1
penedes,41.53,1.77,Chardonnay,2011,yield,1530,kg ha-1
penedes,41.53,1.77,Chardonnay,2012,yield,1004,kg ha-1
Luxembourg,49.54,6.35,MullerThurgau,1993,yield,137,hl ha-1
Luxembourg,49.54,6.35,MullerThurgau,1994,yield,147,hl ha-1
Luxembourg,49.54,6.35,MullerThurgau,1995,yield,130,hl ha-1
Luxembourg,49.54,6.35,MullerThurgau,1996,yield,118,hl ha-1
Luxembourg,49.54,6.35,MullerThurgau,1997,yield,49,hl ha-1
Luxembourg,49.54,6.35,MullerThurgau,1998,yield,142,hl ha-1
Luxembourg,49.54,6.35,MullerThurgau,1999,yield,162,hl ha-1
Luxembourg,49.54,6.35,MullerThurgau,2000,yield,109,hl ha-1
Luxembourg,49.54,6.35,MullerThurgau,2001,yield,122,hl ha-1
Luxembourg,49.54,6.35,MullerThurgau,2002,yield,140,hl ha-1
Luxembourg,49.54,6.35,MullerThurgau,2003,yield,123,hl ha-1
Luxembourg,49.54,6.35,MullerThurgau,2004,yield,153,hl ha-1
Luxembourg,49.54,6.35,MullerThurgau,2005,yield,119,hl ha-1
Luxembourg,49.54,6.35,MullerThurgau,2006,yield,126,hl ha-1
Luxembourg,49.54,6.35,MullerThurgau,2007,yield,129,hl ha-1
Luxembourg,49.54,6.35,MullerThurgau,2008,yield,116,hl ha-1
Luxembourg,49.54,6.35,MullerThurgau,2009,yield,135,hl ha-1
Luxembourg,49.54,6.35,MullerThurgau,2010,yield,105,hl ha-1
Luxembourg,49.54,6.35,MullerThurgau,2011,yield,135,hl ha-1
Luxembourg,49.54,6.35,MullerThurgau,2012,yield,82,hl ha-1
Luxembourg,49.54,6.35,MullerThurgau,2013,yield,101,hl ha-1
Luxembourg,49.54,6.35,MullerThurgau,2014,yield,120,hl ha-1
Luxembourg,49.54,6.35,MullerThurgau,2015,yield,107,hl ha-1
Luxembourg,49.54,6.35,Riesling,1993,yield,96,hl ha-1
Luxembourg,49.54,6.35,Riesling,1994,yield,94,hl ha-1
Luxembourg,49.54,6.35,Riesling,1995,yield,77,hl ha-1
Luxembourg,49.54,6.35,Riesling,1996,yield,78,hl ha-1
Luxembourg,49.54,6.35,Riesling,1997,yield,64,hl ha-1
Luxembourg,49.54,6.35,Riesling,1998,yield,102,hl ha-1
Luxembourg,49.54,6.35,Riesling,1999,yield,110,hl ha-1
Luxembourg,49.54,6.35,Riesling,2000,yield,95,hl ha-1
Luxembourg,49.54,6.35,Riesling,2001,yield,72,hl ha-1
Luxembourg,49.54,6.35,Riesling,2002,yield,98,hl ha-1
Luxembourg,49.54,6.35,Riesling,2003,yield,92,hl ha-1
Luxembourg,49.54,6.35,Riesling,2004,yield,97,hl ha-1
Luxembourg,49.54,6.35,Riesling,2005,yield,89,hl ha-1
Luxembourg,49.54,6.35,Riesling,2006,yield,80,hl ha-1
Luxembourg,49.54,6.35,Riesling,2007,yield,104,hl ha-1
Luxembourg,49.54,6.35,Riesling,2008,yield,86,hl ha-1
Luxembourg,49.54,6.35,Riesling,2009,yield,94,hl ha-1
Luxembourg,49.54,6.35,Riesling,2010,yield,65,hl ha-1
Luxembourg,49.54,6.35,Riesling,2011,yield,88,hl ha-1
Luxembourg,49.54,6.35,Riesling,2012,yield,76,hl ha-1
Luxembourg,49.54,6.35,Riesling,2013,yield,60,hl ha-1
Luxembourg,49.54,6.35,Riesling,2014,yield,86,hl ha-1
Luxembourg,49.54,6.35,Riesling,2015,yield,69,hl ha-1
ColliOrientali,44,11,CabernetS,2006,bunchNo,20,number
ColliOrientali,44,11,CabernetS,2007,bunchNo,18,number
ColliOrientali,44,11,CabernetS,2008,bunchNo,18,number
ColliOrientali,44,11,CabernetS,2009,bunchNo,12,number
ColliOrientali,44,11,CabernetS,2010,bunchNo,17,number
ColliOrientali,44,11,CabernetS,2011,bunchNo,13,number
ColliOrientali,44,11,CabernetS,2012,bunchNo,17,number
ColliOrientali,44,11,CabernetS,2013,bunchNo,8,number
ColliOrientali,44,11,CabernetS,2014,bunchNo,14,number
ColliOrientali,44,11,CabernetS,2015,bunchNo,16,number
ColliOrientali,44,11,CabernetS,2016,bunchNo,21,number
ColliOrientali,44,11,CabernetS,2017,bunchNo,20,number
ColliOrientali,44,11,CabernetS,2018,bunchNo,18,number
ColliOrientali,44,11,CabernetS,2019,bunchNo,17,number
ColliOrientali,44,11,CabernetS,2006,berriesNo,80,number
ColliOrientali,44,11,CabernetS,2007,berriesNo,125,number
ColliOrientali,44,11,CabernetS,2008,berriesNo,90,number
ColliOrientali,44,11,CabernetS,2009,berriesNo,112,number
ColliOrientali,44,11,CabernetS,2010,berriesNo,96,number
ColliOrientali,44,11,CabernetS,2011,berriesNo,134,number
ColliOrientali,44,11,CabernetS,2012,berriesNo,106,number
ColliOrientali,44,11,CabernetS,2013,berriesNo,100,number
ColliOrientali,44,11,CabernetS,2014,berriesNo,124,number
ColliOrientali,44,11,CabernetS,2015,berriesNo,115,number
ColliOrientali,44,11,CabernetS,2016,berriesNo,125,number
ColliOrientali,44,11,CabernetS,2017,berriesNo,129,number
ColliOrientali,44,11,CabernetS,2018,berriesNo,145,number
ColliOrientali,44,11,CabernetS,2019,berriesNo,105,number
ColliOrientali,44,11,CabernetS,2020,berriesNo,122,number
ColliOrientali,44,11,CabernetS,2021,berriesNo,90,number
ColliOrientali,44,11,CabernetS,2022,berriesNo,149,number
ColliOrientali,44,11,CabernetS,2023,berriesNo,104,number
ColliOrientali,44,11,CabernetS,2024,berriesNo,85,number
ColliOrientali,44,11,CabernetS,2006,berryWeight,1.2,g
ColliOrientali,44,11,CabernetS,2007,berryWeight,1.29,g
ColliOrientali,44,11,CabernetS,2008,berryWeight,1.57,g
ColliOrientali,44,11,CabernetS,2009,berryWeight,1.37,g
ColliOrientali,44,11,CabernetS,2010,berryWeight,1.41,g
ColliOrientali,44,11,CabernetS,2011,berryWeight,1.34,g
ColliOrientali,44,11,CabernetS,2012,berryWeight,1.14,g
ColliOrientali,44,11,CabernetS,2013,berryWeight,0.94,g
ColliOrientali,44,11,CabernetS,2014,berryWeight,1.38,g
ColliOrientali,44,11,CabernetS,2015,berryWeight,1.19,g
ColliOrientali,44,11,CabernetS,2016,berryWeight,1.09,g
ColliOrientali,44,11,CabernetS,2017,berryWeight,1.35,g
ColliOrientali,44,11,CabernetS,2018,berryWeight,1.46,g
ColliOrientali,44,11,CabernetS,2019,berryWeight,1.13,g
ColliOrientali,44,11,CabernetS,2020,berryWeight,1.22,g
ColliOrientali,44,11,CabernetS,2021,berryWeight,1.3,g
ColliOrientali,44,11,CabernetS,2022,berryWeight,1.25,g
ColliOrientali,44,11,CabernetS,2023,berryWeight,1.1,g
ColliOrientali,44,11,CabernetS,2024,berryWeight,1.2,g
ColliOrientali,44,11,CabernetS,2006,yield,1.92,kg plant-1
ColliOrientali,44,11,CabernetS,2007,yield,2.9,kg plant-1
ColliOrientali,44,11,CabernetS,2008,yield,2.54,kg plant-1
ColliOrientali,44,11,CabernetS,2009,yield,1.84,kg plant-1
ColliOrientali,44,11,CabernetS,2010,yield,2.3,kg plant-1
ColliOrientali,44,11,CabernetS,2011,yield,2.33,kg plant-1
ColliOrientali,44,11,CabernetS,2012,yield,2.05,kg plant-1
ColliOrientali,44,11,CabernetS,2013,yield,0.75,kg plant-1
ColliOrientali,44,11,CabernetS,2014,yield,2.4,kg plant-1
ColliOrientali,44,11,CabernetS,2015,yield,2.19,kg plant-1
ColliOrientali,44,11,CabernetS,2016,yield,2.86,kg plant-1
ColliOrientali,44,11,CabernetS,2017,yield,3.48,kg plant-1
ColliOrientali,44,11,CabernetS,2018,yield,3.81,kg plant-1
ColliOrientali,44,11,CabernetS,2019,yield,2.02,kg plant-1
ColliOrientali,44,11,CabernetS,2008,sugar,20.5,Bx
ColliOrientali,44,11,CabernetS,2009,sugar,22.8,Bx
ColliOrientali,44,11,CabernetS,2010,sugar,21.4,Bx
ColliOrientali,44,11,CabernetS,2011,sugar,21.9,Bx
ColliOrientali,44,11,CabernetS,2012,sugar,22.6,Bx
ColliOrientali,44,11,CabernetS,2013,sugar,20.7,Bx
ColliOrientali,44,11,CabernetS,2014,sugar,17.6,Bx
ColliOrientali,44,11,CabernetS,2015,sugar,21.1,Bx
ColliOrientali,44,11,CabernetS,2016,sugar,21.4,Bx
ColliOrientali,44,11,CabernetS,2017,sugar,19,Bx
ColliOrientali,44,11,CabernetS,2018,sugar,20.7,Bx
ColliOrientali,44,11,CabernetS,2019,sugar,21.5,Bx
ColliOrientali,44,11,CabernetS,2020,sugar,20,Bx
ColliOrientali,44,11,CabernetS,2021,sugar,21.7,Bx
ColliOrientali,44,11,CabernetS,2022,sugar,21.9,Bx
ColliOrientali,44,11,CabernetS,2023,sugar,21.6,Bx
ColliOrientali,44,11,CabernetS,2008,acid,9.3,g l-1
ColliOrientali,44,11,CabernetS,2009,acid,6.4,g l-1
ColliOrientali,44,11,CabernetS,2010,acid,9.4,g l-1
ColliOrientali,44,11,CabernetS,2011,acid,5.9,g l-1
ColliOrientali,44,11,CabernetS,2012,acid,6.55,g l-1
ColliOrientali,44,11,CabernetS,2013,acid,6.5,g l-1
ColliOrientali,44,11,CabernetS,2014,acid,10.4,g l-1
ColliOrientali,44,11,CabernetS,2015,acid,6.9,g l-1
ColliOrientali,44,11,CabernetS,2016,acid,6.6,g l-1
ColliOrientali,44,11,CabernetS,2017,acid,7.3,g l-1
ColliOrientali,44,11,CabernetS,2018,acid,5.8,g l-1
ColliOrientali,44,11,CabernetS,2019,acid,6.6,g l-1
ColliOrientali,44,11,CabernetS,2020,acid,7.4,g l-1
ColliOrientali,44,11,CabernetS,2021,acid,6.1,g l-1
ColliOrientali,44,11,CabernetS,2022,acid,5.2,g l-1
ColliOrientali,44,11,CabernetS,2023,acid,5.9,g l-1
ColliOrientali,44,11,CabernetS,1998,anthocians,1954.79,mg l-1
ColliOrientali,44,11,CabernetS,1999,anthocians,2313.83,mg l-1
ColliOrientali,44,11,CabernetS,2000,anthocians,853.72,mg l-1
ColliOrientali,44,11,CabernetS,2003,anthocians,1862.93,mg l-1
ColliOrientali,44,11,CabernetS,2004,anthocians,2181.47,mg l-1
ColliOrientali,44,11,CabernetS,2005,anthocians,1994.68,mg l-1
ColliOrientali,44,11,CabernetS,2006,anthocians,1372.34,mg l-1
ColliOrientali,44,11,CabernetS,2007,anthocians,1515.96,mg l-1
ColliOrientali,44,11,CabernetS,2008,anthocians,1379,mg l-1
ColliOrientali,44,11,CabernetS,2009,anthocians,1515,mg l-1
ColliOrientali,44,11,CabernetS,2010,anthocians,1937,mg l-1
ColliOrientali,44,11,CabernetS,2011,anthocians,1616,mg l-1
ColliOrientali,44,11,CabernetS,2013,anthocians,1196.91,mg l-1
ColliOrientali,44,11,CabernetS,2015,anthocians,1235.52,mg l-1
ColliOrientali,44,11,CabernetS,2016,anthocians,1940.15,mg l-1
ColliOrientali,44,11,CabernetS,2017,anthocians,1409.27,mg l-1
ColliOrientali,44,11,CabernetS,2018,anthocians,1467.18,mg l-1
ColliOrientali,44,11,CabernetS,2019,anthocians,1370.66,mg l-1
ColliOrientali,44,11,CabernetS,2020,anthocians,1206.56,mg l-1
ColliOrientali,44,11,CabernetS,2021,anthocians,2075.29,mg l-1
ColliOrientali,44,11,CabernetS,2022,anthocians,1158.3,mg l-1
ColliOrientali,44,11,CabernetS,2023,anthocians,960,mg l-1
ColliOrientali,44,11,CabernetS,2024,anthocians,1550,mg l-1
ColliOrientali,44,11,Carmenere,2006,bunchNo,21,number
ColliOrientali,44,11,Carmenere,2007,bunchNo,21,number
ColliOrientali,44,11,Carmenere,2008,bunchNo,15,number
ColliOrientali,44,11,Carmenere,2009,bunchNo,9,number
ColliOrientali,44,11,Carmenere,2010,bunchNo,10,number
ColliOrientali,44,11,Carmenere,2011,bunchNo,14,number
ColliOrientali,44,11,Carmenere,2012,bunchNo,11,number
ColliOrientali,44,11,Carmenere,2013,bunchNo,7,number
ColliOrientali,44,11,Carmenere,2014,bunchNo,9,number
ColliOrientali,44,11,Carmenere,2015,bunchNo,10,number
ColliOrientali,44,11,Carmenere,2016,bunchNo,11,number
ColliOrientali,44,11,Carmenere,2017,bunchNo,11,number
ColliOrientali,44,11,Carmenere,2018,bunchNo,15,number
ColliOrientali,44,11,Carmenere,2019,bunchNo,14,number
ColliOrientali,44,11,Carmenere,2006,berriesNo,72,number
ColliOrientali,44,11,Carmenere,2007,berriesNo,83,number
ColliOrientali,44,11,Carmenere,2008,berriesNo,97,number
ColliOrientali,44,11,Carmenere,2009,berriesNo,130,number
ColliOrientali,44,11,Carmenere,2010,berriesNo,84,number
ColliOrientali,44,11,Carmenere,2011,berriesNo,159,number
ColliOrientali,44,11,Carmenere,2012,berriesNo,106,number
ColliOrientali,44,11,Carmenere,2013,berriesNo,106,number
ColliOrientali,44,11,Carmenere,2014,berriesNo,95,number
ColliOrientali,44,11,Carmenere,2015,berriesNo,112,number
ColliOrientali,44,11,Carmenere,2016,berriesNo,82,number
ColliOrientali,44,11,Carmenere,2017,berriesNo,105,number
ColliOrientali,44,11,Carmenere,2018,berriesNo,109,number
ColliOrientali,44,11,Carmenere,2019,berriesNo,102,number
ColliOrientali,44,11,Carmenere,2020,berriesNo,96,number
ColliOrientali,44,11,Carmenere,2021,berriesNo,100,number
ColliOrientali,44,11,Carmenere,2022,berriesNo,115,number
ColliOrientali,44,11,Carmenere,2023,berriesNo,82,number
ColliOrientali,44,11,Carmenere,2024,berriesNo,75,number
ColliOrientali,44,11,Carmenere,2006,berryWeight,1.57,g
ColliOrientali,44,11,Carmenere,2007,berryWeight,1.58,g
ColliOrientali,44,11,Carmenere,2008,berryWeight,1.37,g
ColliOrientali,44,11,Carmenere,2009,berryWeight,1.85,g
ColliOrientali,44,11,Carmenere,2010,berryWeight,1.95,g
ColliOrientali,44,11,Carmenere,2011,berryWeight,1.09,g
ColliOrientali,44,11,Carmenere,2012,berryWeight,1.28,g
ColliOrientali,44,11,Carmenere,2013,berryWeight,1.08,g
ColliOrientali,44,11,Carmenere,2014,berryWeight,1.65,g
ColliOrientali,44,11,Carmenere,2015,berryWeight,1.67,g
ColliOrientali,44,11,Carmenere,2016,berryWeight,1.38,g
ColliOrientali,44,11,Carmenere,2017,berryWeight,1.64,g
ColliOrientali,44,11,Carmenere,2018,berryWeight,1.85,g
ColliOrientali,44,11,Carmenere,2019,berryWeight,1.52,g
ColliOrientali,44,11,Carmenere,2020,berryWeight,1.9,g
ColliOrientali,44,11,Carmenere,2021,berryWeight,1.55,g
ColliOrientali,44,11,Carmenere,2022,berryWeight,1.7,g
ColliOrientali,44,11,Carmenere,2023,berryWeight,1.52,g
ColliOrientali,44,11,Carmenere,2024,berryWeight,1.72,g
ColliOrientali,44,11,Carmenere,2006,yield,2.37,kg plant-1
ColliOrientali,44,11,Carmenere,2007,yield,2.75,kg plant-1
ColliOrientali,44,11,Carmenere,2008,yield,1.99,kg plant-1
ColliOrientali,44,11,Carmenere,2009,yield,2.16,kg plant-1
ColliOrientali,44,11,Carmenere,2010,yield,1.64,kg plant-1
ColliOrientali,44,11,Carmenere,2011,yield,2.43,kg plant-1
ColliOrientali,44,11,Carmenere,2012,yield,1.49,kg plant-1
ColliOrientali,44,11,Carmenere,2013,yield,0.8,kg plant-1
ColliOrientali,44,11,Carmenere,2014,yield,1.41,kg plant-1
ColliOrientali,44,11,Carmenere,2015,yield,1.87,kg plant-1
ColliOrientali,44,11,Carmenere,2016,yield,1.24,kg plant-1
ColliOrientali,44,11,Carmenere,2017,yield,1.89,kg plant-1
ColliOrientali,44,11,Carmenere,2018,yield,3.02,kg plant-1
ColliOrientali,44,11,Carmenere,2019,yield,2.17,kg plant-1
ColliOrientali,44,11,Carmenere,2008,sugar,20,Bx
ColliOrientali,44,11,Carmenere,2009,sugar,21.5,Bx
ColliOrientali,44,11,Carmenere,2010,sugar,20.6,Bx
ColliOrientali,44,11,Carmenere,2011,sugar,21,Bx
ColliOrientali,44,11,Carmenere,2013,sugar,20.7,Bx
ColliOrientali,44,11,Carmenere,2014,sugar,18.1,Bx
ColliOrientali,44,11,Carmenere,2015,sugar,19.7,Bx
ColliOrientali,44,11,Carmenere,2016,sugar,21.4,Bx
ColliOrientali,44,11,Carmenere,2017,sugar,17.7,Bx
ColliOrientali,44,11,Carmenere,2018,sugar,20.9,Bx
ColliOrientali,44,11,Carmenere,2019,sugar,21.2,Bx
ColliOrientali,44,11,Carmenere,2020,sugar,19.8,Bx
ColliOrientali,44,11,Carmenere,2021,sugar,21.7,Bx
ColliOrientali,44,11,Carmenere,2022,sugar,20.8,Bx
ColliOrientali,44,11,Carmenere,2023,sugar,21.2,Bx
ColliOrientali,44,11,Carmenere,2008,acid,6.7,g l-1
ColliOrientali,44,11,Carmenere,2009,acid,4.8,g l-1
ColliOrientali,44,11,Carmenere,2010,acid,5.9,g l-1
ColliOrientali,44,11,Carmenere,2011,acid,4.9,g l-1
ColliOrientali,44,11,Carmenere,2013,acid,4.9,g l-1
ColliOrientali,44,11,Carmenere,2014,acid,7.2,g l-1
ColliOrientali,44,11,Carmenere,2015,acid,4.4,g l-1
ColliOrientali,44,11,Carmenere,2016,acid,4.5,g l-1
ColliOrientali,44,11,Carmenere,2017,acid,5.4,g l-1
ColliOrientali,44,11,Carmenere,2018,acid,4.1,g l-1
ColliOrientali,44,11,Carmenere,2019,acid,4.7,g l-1
ColliOrientali,44,11,Carmenere,2020,acid,4.6,g l-1
ColliOrientali,44,11,Carmenere,2021,acid,4.2,g l-1
ColliOrientali,44,11,Carmenere,2022,acid,3.8,g l-1
ColliOrientali,44,11,Carmenere,2023,acid,4.9,g l-1
ColliOrientali,44,11,Carmenere,2003,anthocians,1717.63,mg l-1
ColliOrientali,44,11,Carmenere,2004,anthocians,2113.31,mg l-1
ColliOrientali,44,11,Carmenere,2005,anthocians,807.98,mg l-1
ColliOrientali,44,11,Carmenere,2006,anthocians,1564.99,mg l-1
ColliOrientali,44,11,Carmenere,2007,anthocians,1326.26,mg l-1
ColliOrientali,44,11,Carmenere,2008,anthocians,1656,mg l-1
ColliOrientali,44,11,Carmenere,2009,anthocians,1319,mg l-1
ColliOrientali,44,11,Carmenere,2010,anthocians,2063,mg l-1
ColliOrientali,44,11,Carmenere,2011,anthocians,1603,mg l-1
ColliOrientali,44,11,Carmenere,2013,anthocians,1387.83,mg l-1
ColliOrientali,44,11,Carmenere,2015,anthocians,1815.59,mg l-1
ColliOrientali,44,11,Carmenere,2016,anthocians,1416.35,mg l-1
ColliOrientali,44,11,Carmenere,2017,anthocians,1929.66,mg l-1
ColliOrientali,44,11,Carmenere,2018,anthocians,1045.63,mg l-1
ColliOrientali,44,11,Carmenere,2019,anthocians,2300.38,mg l-1
ColliOrientali,44,11,Carmenere,2020,anthocians,2328.9,mg l-1
ColliOrientali,44,11,Carmenere,2021,anthocians,2433.46,mg l-1
ColliOrientali,44,11,Carmenere,2022,anthocians,1416.35,mg l-1
ColliOrientali,44,11,Carmenere,2023,anthocians,1406,mg l-1
ColliOrientali,44,11,Carmenere,2024,anthocians,1550,mg l-1
ColliOrientali,44,11,Merlot,2006,bunchNo,15,number
ColliOrientali,44,11,Merlot,2007,bunchNo,18,number
ColliOrientali,44,11,Merlot,2008,bunchNo,10,number
ColliOrientali,44,11,Merlot,2009,bunchNo,14,number
ColliOrientali,44,11,Merlot,2010,bunchNo,15,number
ColliOrientali,44,11,Merlot,2011,bunchNo,10,number
ColliOrientali,44,11,Merlot,2012,bunchNo,14,number
ColliOrientali,44,11,Merlot,2013,bunchNo,7,number
ColliOrientali,44,11,Merlot,2014,bunchNo,12,number
ColliOrientali,44,11,Merlot,2015,bunchNo,7,number
ColliOrientali,44,11,Merlot,2016,bunchNo,12,number
ColliOrientali,44,11,Merlot,2017,bunchNo,10,number
ColliOrientali,44,11,Merlot,2018,bunchNo,16,number
ColliOrientali,44,11,Merlot,2019,bunchNo,12,number
ColliOrientali,44,11,Merlot,2006,berriesNo,97,number
ColliOrientali,44,11,Merlot,2007,berriesNo,141,number
ColliOrientali,44,11,Merlot,2008,berriesNo,93,number
ColliOrientali,44,11,Merlot,2009,berriesNo,131,number
ColliOrientali,44,11,Merlot,2010,berriesNo,108,number
ColliOrientali,44,11,Merlot,2011,berriesNo,122,number
ColliOrientali,44,11,Merlot,2012,berriesNo,119,number
ColliOrientali,44,11,Merlot,2013,berriesNo,105,number
ColliOrientali,44,11,Merlot,2014,berriesNo,129,number
ColliOrientali,44,11,Merlot,2015,berriesNo,102,number
ColliOrientali,44,11,Merlot,2016,berriesNo,114,number
ColliOrientali,44,11,Merlot,2017,berriesNo,148,number
ColliOrientali,44,11,Merlot,2018,berriesNo,204,number
ColliOrientali,44,11,Merlot,2019,berriesNo,121,number
ColliOrientali,44,11,Merlot,2020,berriesNo,136,number
ColliOrientali,44,11,Merlot,2021,berriesNo,130,number
ColliOrientali,44,11,Merlot,2022,berriesNo,162,number
ColliOrientali,44,11,Merlot,2023,berriesNo,133,number
ColliOrientali,44,11,Merlot,2024,berriesNo,105,number
ColliOrientali,44,11,Merlot,2006,berryWeight,1.38,g
ColliOrientali,44,11,Merlot,2007,berryWeight,1.23,g
ColliOrientali,44,11,Merlot,2008,berryWeight,1.48,g
ColliOrientali,44,11,Merlot,2009,berryWeight,1.73,g
ColliOrientali,44,11,Merlot,2010,berryWeight,1.29,g
ColliOrientali,44,11,Merlot,2011,berryWeight,1.12,g
ColliOrientali,44,11,Merlot,2012,berryWeight,1.1,g
ColliOrientali,44,11,Merlot,2013,berryWeight,1.06,g
ColliOrientali,44,11,Merlot,2014,berryWeight,1.57,g
ColliOrientali,44,11,Merlot,2015,berryWeight,1.49,g
ColliOrientali,44,11,Merlot,2016,berryWeight,1.31,g
ColliOrientali,44,11,Merlot,2017,berryWeight,1.64,g
ColliOrientali,44,11,Merlot,2018,berryWeight,1.8,g
ColliOrientali,44,11,Merlot,2019,berryWeight,1.36,g
ColliOrientali,44,11,Merlot,2020,berryWeight,1.72,g
ColliOrientali,44,11,Merlot,2021,berryWeight,1.3,g
ColliOrientali,44,11,Merlot,2022,berryWeight,1.3,g
ColliOrientali,44,11,Merlot,2023,berryWeight,1.52,g
ColliOrientali,44,11,Merlot,2024,berryWeight,1.35,g
ColliOrientali,44,11,Merlot,2006,yield,2.01,kg plant-1
ColliOrientali,44,11,Merlot,2007,yield,3.12,kg plant-1
ColliOrientali,44,11,Merlot,2008,yield,1.38,kg plant-1
ColliOrientali,44,11,Merlot,2009,yield,3.17,kg plant-1
ColliOrientali,44,11,Merlot,2010,yield,2.09,kg plant-1
ColliOrientali,44,11,Merlot,2011,yield,1.37,kg plant-1
ColliOrientali,44,11,Merlot,2012,yield,1.83,kg plant-1
ColliOrientali,44,11,Merlot,2013,yield,0.78,kg plant-1
ColliOrientali,44,11,Merlot,2014,yield,2.43,kg plant-1
ColliOrientali,44,11,Merlot,2015,yield,1.06,kg plant-1
ColliOrientali,44,11,Merlot,2016,yield,1.79,kg plant-1
ColliOrientali,44,11,Merlot,2017,yield,2.43,kg plant-1
ColliOrientali,44,11,Merlot,2018,yield,5.88,kg plant-1
ColliOrientali,44,11,Merlot,2019,yield,1.97,kg plant-1
ColliOrientali,44,11,Merlot,2008,sugar,23,Bx
ColliOrientali,44,11,Merlot,2009,sugar,23.5,Bx
ColliOrientali,44,11,Merlot,2010,sugar,19.3,Bx
ColliOrientali,44,11,Merlot,2011,sugar,21.9,Bx
ColliOrientali,44,11,Merlot,2012,sugar,23.4,Bx
ColliOrientali,44,11,Merlot,2013,sugar,22.8,Bx
ColliOrientali,44,11,Merlot,2014,sugar,18.8,Bx
ColliOrientali,44,11,Merlot,2015,sugar,21.2,Bx
ColliOrientali,44,11,Merlot,2016,sugar,22.4,Bx
ColliOrientali,44,11,Merlot,2017,sugar,20.9,Bx
ColliOrientali,44,11,Merlot,2018,sugar,22.6,Bx
ColliOrientali,44,11,Merlot,2019,sugar,22.7,Bx
ColliOrientali,44,11,Merlot,2020,sugar,22.2,Bx
ColliOrientali,44,11,Merlot,2021,sugar,23,Bx
ColliOrientali,44,11,Merlot,2022,sugar,22.6,Bx
ColliOrientali,44,11,Merlot,2023,sugar,21.8,Bx
ColliOrientali,44,11,Merlot,2008,acid,5,g l-1
ColliOrientali,44,11,Merlot,2009,acid,4.8,g l-1
ColliOrientali,44,11,Merlot,2010,acid,6.3,g l-1
ColliOrientali,44,11,Merlot,2011,acid,5.4,g l-1
ColliOrientali,44,11,Merlot,2012,acid,5.76,g l-1
ColliOrientali,44,11,Merlot,2013,acid,5.2,g l-1
ColliOrientali,44,11,Merlot,2014,acid,6.9,g l-1
ColliOrientali,44,11,Merlot,2015,acid,4.6,g l-1
ColliOrientali,44,11,Merlot,2016,acid,5.1,g l-1
ColliOrientali,44,11,Merlot,2017,acid,4.6,g l-1
ColliOrientali,44,11,Merlot,2018,acid,4.4,g l-1
ColliOrientali,44,11,Merlot,2019,acid,4.7,g l-1
ColliOrientali,44,11,Merlot,2020,acid,4.8,g l-1
ColliOrientali,44,11,Merlot,2021,acid,4.5,g l-1
ColliOrientali,44,11,Merlot,2022,acid,5.1,g l-1
ColliOrientali,44,11,Merlot,2023,acid,5,g l-1
ColliOrientali,44,11,Merlot,1998,anthocians,1775.292,mg l-1
ColliOrientali,44,11,Merlot,1999,anthocians,2154.669,mg l-1
ColliOrientali,44,11,Merlot,2000,anthocians,1259.728,mg l-1
ColliOrientali,44,11,Merlot,2003,anthocians,1561.284,mg l-1
ColliOrientali,44,11,Merlot,2004,anthocians,1707.198,mg l-1
ColliOrientali,44,11,Merlot,2005,anthocians,1361.868,mg l-1
ColliOrientali,44,11,Merlot,2006,anthocians,1206.226,mg l-1
ColliOrientali,44,11,Merlot,2007,anthocians,1507.782,mg l-1
ColliOrientali,44,11,Merlot,2008,anthocians,1003,mg l-1
ColliOrientali,44,11,Merlot,2009,anthocians,1411,mg l-1
ColliOrientali,44,11,Merlot,2010,anthocians,753,mg l-1
ColliOrientali,44,11,Merlot,2011,anthocians,1401,mg l-1
ColliOrientali,44,11,Merlot,2012,anthocians,1463,mg l-1
ColliOrientali,44,11,Merlot,2013,anthocians,1410.51,mg l-1
ColliOrientali,44,11,Merlot,2014,anthocians,1177.04,mg l-1
ColliOrientali,44,11,Merlot,2015,anthocians,1128.41,mg l-1
ColliOrientali,44,11,Merlot,2016,anthocians,1361.87,mg l-1
ColliOrientali,44,11,Merlot,2017,anthocians,1332.69,mg l-1
ColliOrientali,44,11,Merlot,2018,anthocians,1001.95,mg l-1
ColliOrientali,44,11,Merlot,2019,anthocians,1391.05,mg l-1
ColliOrientali,44,11,Merlot,2020,anthocians,1254.86,mg l-1
ColliOrientali,44,11,Merlot,2021,anthocians,1624.51,mg l-1
ColliOrientali,44,11,Merlot,2022,anthocians,1498.05,mg l-1
ColliOrientali,44,11,Merlot,2023,anthocians,930,mg l-1
ColliOrientali,44,11,Merlot,2024,anthocians,1000,mg l-1
ColliOrientali,44,11,Picolit,2006,bunchNo,13,number
ColliOrientali,44,11,Picolit,2007,bunchNo,11,number
ColliOrientali,44,11,Picolit,2008,bunchNo,11,number
ColliOrientali,44,11,Picolit,2009,bunchNo,12,number
ColliOrientali,44,11,Picolit,2010,bunchNo,19,number
ColliOrientali,44,11,Picolit,2011,bunchNo,10,number
ColliOrientali,44,11,Picolit,2012,bunchNo,12,number
ColliOrientali,44,11,Picolit,2013,bunchNo,10,number
ColliOrientali,44,11,Picolit,2014,bunchNo,10,number
ColliOrientali,44,11,Picolit,2015,bunchNo,9,number
ColliOrientali,44,11,Picolit,2016,bunchNo,12,number
ColliOrientali,44,11,Picolit,2017,bunchNo,11,number
ColliOrientali,44,11,Picolit,2018,bunchNo,14,number
ColliOrientali,44,11,Picolit,2019,bunchNo,15,number
ColliOrientali,44,11,Picolit,2006,berriesNo,158,number
ColliOrientali,44,11,Picolit,2007,berriesNo,112,number
ColliOrientali,44,11,Picolit,2008,berriesNo,58,number
ColliOrientali,44,11,Picolit,2009,berriesNo,121,number
ColliOrientali,44,11,Picolit,2010,berriesNo,125,number
ColliOrientali,44,11,Picolit,2011,berriesNo,157,number
ColliOrientali,44,11,Picolit,2012,berriesNo,113,number
ColliOrientali,44,11,Picolit,2013,berriesNo,69,number
ColliOrientali,44,11,Picolit,2014,berriesNo,57,number
ColliOrientali,44,11,Picolit,2015,berriesNo,177,number
ColliOrientali,44,11,Picolit,2016,berriesNo,64,number
ColliOrientali,44,11,Picolit,2017,berriesNo,92,number
ColliOrientali,44,11,Picolit,2018,berriesNo,190,number
ColliOrientali,44,11,Picolit,2019,berriesNo,84,number
ColliOrientali,44,11,Picolit,2020,berriesNo,101,number
ColliOrientali,44,11,Picolit,2021,berriesNo,90,number
ColliOrientali,44,11,Picolit,2022,berriesNo,86,number
ColliOrientali,44,11,Picolit,2023,berriesNo,73,number
ColliOrientali,44,11,Picolit,2024,berriesNo,92,number
ColliOrientali,44,11,Picolit,2006,berryWeight,1.03,g
ColliOrientali,44,11,Picolit,2007,berryWeight,1.24,g
ColliOrientali,44,11,Picolit,2008,berryWeight,1.45,g
ColliOrientali,44,11,Picolit,2009,berryWeight,0.96,g
ColliOrientali,44,11,Picolit,2010,berryWeight,1.32,g
ColliOrientali,44,11,Picolit,2011,berryWeight,0.92,g
ColliOrientali,44,11,Picolit,2012,berryWeight,0.83,g
ColliOrientali,44,11,Picolit,2013,berryWeight,0.94,g
ColliOrientali,44,11,Picolit,2014,berryWeight,1.55,g
ColliOrientali,44,11,Picolit,2015,berryWeight,1.05,g
ColliOrientali,44,11,Picolit,2016,berryWeight,0.92,g
ColliOrientali,44,11,Picolit,2017,berryWeight,1.14,g
ColliOrientali,44,11,Picolit,2018,berryWeight,0.7,g
ColliOrientali,44,11,Picolit,2019,berryWeight,1.03,g
ColliOrientali,44,11,Picolit,2020,berryWeight,1.06,g
ColliOrientali,44,11,Picolit,2021,berryWeight,0.78,g
ColliOrientali,44,11,Picolit,2022,berryWeight,1.1,g
ColliOrientali,44,11,Picolit,2023,berryWeight,1.56,g
ColliOrientali,44,11,Picolit,2024,berryWeight,1.25,g
ColliOrientali,44,11,Picolit,2006,yield,2.12,kg plant-1
ColliOrientali,44,11,Picolit,2007,yield,1.53,kg plant-1
ColliOrientali,44,11,Picolit,2008,yield,0.93,kg plant-1
ColliOrientali,44,11,Picolit,2009,yield,1.39,kg plant-1
ColliOrientali,44,11,Picolit,2010,yield,3.14,kg plant-1
ColliOrientali,44,11,Picolit,2011,yield,1.44,kg plant-1
ColliOrientali,44,11,Picolit,2012,yield,1.13,kg plant-1
ColliOrientali,44,11,Picolit,2013,yield,0.65,kg plant-1
ColliOrientali,44,11,Picolit,2014,yield,0.88,kg plant-1
ColliOrientali,44,11,Picolit,2015,yield,1.67,kg plant-1
ColliOrientali,44,11,Picolit,2016,yield,0.71,kg plant-1
ColliOrientali,44,11,Picolit,2017,yield,1.15,kg plant-1
ColliOrientali,44,11,Picolit,2018,yield,1.86,kg plant-1
ColliOrientali,44,11,Picolit,2019,yield,1.3,kg plant-1
ColliOrientali,44,11,Picolit,2008,sugar,24.2,Bx
ColliOrientali,44,11,Picolit,2009,sugar,26.1,Bx
ColliOrientali,44,11,Picolit,2010,sugar,25.9,Bx
ColliOrientali,44,11,Picolit,2011,sugar,23.4,Bx
ColliOrientali,44,11,Picolit,2012,sugar,24.8,Bx
ColliOrientali,44,11,Picolit,2013,sugar,20.5,Bx
ColliOrientali,44,11,Picolit,2014,sugar,19.2,Bx
ColliOrientali,44,11,Picolit,2015,sugar,23.7,Bx
ColliOrientali,44,11,Picolit,2016,sugar,26.9,Bx
ColliOrientali,44,11,Picolit,2017,sugar,24,Bx
ColliOrientali,44,11,Picolit,2018,sugar,23.3,Bx
ColliOrientali,44,11,Picolit,2019,sugar,27.4,Bx
ColliOrientali,44,11,Picolit,2020,sugar,27.3,Bx
ColliOrientali,44,11,Picolit,2021,sugar,25.7,Bx
ColliOrientali,44,11,Picolit,2023,sugar,20.5,Bx
ColliOrientali,44,11,Picolit,2008,acid,6.7,g l-1
ColliOrientali,44,11,Picolit,2009,acid,5.8,g l-1
ColliOrientali,44,11,Picolit,2010,acid,6.9,g l-1
ColliOrientali,44,11,Picolit,2011,acid,6,g l-1
ColliOrientali,44,11,Picolit,2012,acid,5.75,g l-1
ColliOrientali,44,11,Picolit,2013,acid,6.6,g l-1
ColliOrientali,44,11,Picolit,2014,acid,8.6,g l-1
ColliOrientali,44,11,Picolit,2015,acid,5,g l-1
ColliOrientali,44,11,Picolit,2016,acid,5.6,g l-1
ColliOrientali,44,11,Picolit,2017,acid,5.2,g l-1
ColliOrientali,44,11,Picolit,2018,acid,5.5,g l-1
ColliOrientali,44,11,Picolit,2019,acid,3.7,g l-1
ColliOrientali,44,11,Picolit,2020,acid,4.5,g l-1
ColliOrientali,44,11,Picolit,2021,acid,3.9,g l-1
ColliOrientali,44,11,Picolit,2023,acid,5.7,g l-1
ColliOrientali,44,11,Pignolo,2006,bunchNo,13,number
ColliOrientali,44,11,Pignolo,2007,bunchNo,9,number
ColliOrientali,44,11,Pignolo,2008,bunchNo,8,number
ColliOrientali,44,11,Pignolo,2009,bunchNo,7,number
ColliOrientali,44,11,Pignolo,2010,bunchNo,9,number
ColliOrientali,44,11,Pignolo,2011,bunchNo,7,number
ColliOrientali,44,11,Pignolo,2012,bunchNo,11,number
ColliOrientali,44,11,Pignolo,2013,bunchNo,10,number
ColliOrientali,44,11,Pignolo,2014,bunchNo,8,number
ColliOrientali,44,11,Pignolo,2015,bunchNo,10,number
ColliOrientali,44,11,Pignolo,2016,bunchNo,9,number
ColliOrientali,44,11,Pignolo,2017,bunchNo,9,number
ColliOrientali,44,11,Pignolo,2018,bunchNo,10,number
ColliOrientali,44,11,Pignolo,2019,bunchNo,9,number
ColliOrientali,44,11,Pignolo,2006,berriesNo,109,number
ColliOrientali,44,11,Pignolo,2007,berriesNo,214,number
ColliOrientali,44,11,Pignolo,2008,berriesNo,147,number
ColliOrientali,44,11,Pignolo,2009,berriesNo,104,number
ColliOrientali,44,11,Pignolo,2010,berriesNo,109,number
ColliOrientali,44,11,Pignolo,2011,berriesNo,132,number
ColliOrientali,44,11,Pignolo,2012,berriesNo,124,number
ColliOrientali,44,11,Pignolo,2013,berriesNo,94,number
ColliOrientali,44,11,Pignolo,2015,berriesNo,111,number
ColliOrientali,44,11,Pignolo,2016,berriesNo,120,number
ColliOrientali,44,11,Pignolo,2017,berriesNo,123,number
ColliOrientali,44,11,Pignolo,2018,berriesNo,155,number
ColliOrientali,44,11,Pignolo,2019,berriesNo,109,number
ColliOrientali,44,11,Pignolo,2020,berriesNo,166,number
ColliOrientali,44,11,Pignolo,2021,berriesNo,85,number
ColliOrientali,44,11,Pignolo,2022,berriesNo,135,number
ColliOrientali,44,11,Pignolo,2023,berriesNo,133,number
ColliOrientali,44,11,Pignolo,2024,berriesNo,112,number
ColliOrientali,44,11,Pignolo,2006,berryWeight,1.1,g
ColliOrientali,44,11,Pignolo,2007,berryWeight,1.27,g
ColliOrientali,44,11,Pignolo,2008,berryWeight,0.98,g
ColliOrientali,44,11,Pignolo,2009,berryWeight,1.38,g
ColliOrientali,44,11,Pignolo,2010,berryWeight,1.4,g
ColliOrientali,44,11,Pignolo,2011,berryWeight,1.27,g
ColliOrientali,44,11,Pignolo,2012,berryWeight,1.1,g
ColliOrientali,44,11,Pignolo,2013,berryWeight,0.84,g
ColliOrientali,44,11,Pignolo,2015,berryWeight,1.43,g
ColliOrientali,44,11,Pignolo,2016,berryWeight,0.92,g
ColliOrientali,44,11,Pignolo,2017,berryWeight,1.2,g
ColliOrientali,44,11,Pignolo,2018,berryWeight,1.26,g
ColliOrientali,44,11,Pignolo,2019,berryWeight,1.37,g
ColliOrientali,44,11,Pignolo,2020,berryWeight,1.12,g
ColliOrientali,44,11,Pignolo,2021,berryWeight,1.42,g
ColliOrientali,44,11,Pignolo,2022,berryWeight,1.2,g
ColliOrientali,44,11,Pignolo,2023,berryWeight,1.31,g
ColliOrientali,44,11,Pignolo,2024,berryWeight,1.1,g
ColliOrientali,44,11,Pignolo,2006,yield,1.56,kg plant-1
ColliOrientali,44,11,Pignolo,2007,yield,2.45,kg plant-1
ColliOrientali,44,11,Pignolo,2008,yield,1.15,kg plant-1
ColliOrientali,44,11,Pignolo,2009,yield,1,kg plant-1
ColliOrientali,44,11,Pignolo,2010,yield,1.37,kg plant-1
ColliOrientali,44,11,Pignolo,2011,yield,1.17,kg plant-1
ColliOrientali,44,11,Pignolo,2012,yield,1.5,kg plant-1
ColliOrientali,44,11,Pignolo,2013,yield,0.79,kg plant-1
ColliOrientali,44,11,Pignolo,2014,yield,0,kg plant-1
ColliOrientali,44,11,Pignolo,2015,yield,1.59,kg plant-1
ColliOrientali,44,11,Pignolo,2016,yield,0.99,kg plant-1
ColliOrientali,44,11,Pignolo,2017,yield,1.33,kg plant-1
ColliOrientali,44,11,Pignolo,2018,yield,1.95,kg plant-1
ColliOrientali,44,11,Pignolo,2019,yield,1.34,kg plant-1
ColliOrientali,44,11,Pignolo,2008,sugar,22,Bx
ColliOrientali,44,11,Pignolo,2009,sugar,23,Bx
ColliOrientali,44,11,Pignolo,2010,sugar,23.4,Bx
ColliOrientali,44,11,Pignolo,2011,sugar,25.6,Bx
ColliOrientali,44,11,Pignolo,2012,sugar,24.3,Bx
ColliOrientali,44,11,Pignolo,2013,sugar,22.8,Bx
ColliOrientali,44,11,Pignolo,2014,sugar,20.4,Bx
ColliOrientali,44,11,Pignolo,2015,sugar,22.7,Bx
ColliOrientali,44,11,Pignolo,2016,sugar,24.9,Bx
ColliOrientali,44,11,Pignolo,2017,sugar,21,Bx
ColliOrientali,44,11,Pignolo,2018,sugar,22.1,Bx
ColliOrientali,44,11,Pignolo,2019,sugar,24.2,Bx
ColliOrientali,44,11,Pignolo,2020,sugar,23.8,Bx
ColliOrientali,44,11,Pignolo,2021,sugar,23.9,Bx
ColliOrientali,44,11,Pignolo,2022,sugar,24.1,Bx
ColliOrientali,44,11,Pignolo,2023,sugar,21.7,Bx
ColliOrientali,44,11,Pignolo,2008,acid,7.9,g l-1
ColliOrientali,44,11,Pignolo,2009,acid,5.5,g l-1
ColliOrientali,44,11,Pignolo,2010,acid,6.5,g l-1
ColliOrientali,44,11,Pignolo,2011,acid,6.2,g l-1
ColliOrientali,44,11,Pignolo,2012,acid,6.1,g l-1
ColliOrientali,44,11,Pignolo,2013,acid,6.4,g l-1
ColliOrientali,44,11,Pignolo,2014,acid,9.2,g l-1
ColliOrientali,44,11,Pignolo,2015,acid,5.7,g l-1
ColliOrientali,44,11,Pignolo,2016,acid,6.6,g l-1
ColliOrientali,44,11,Pignolo,2017,acid,7.4,g l-1
ColliOrientali,44,11,Pignolo,2018,acid,4.7,g l-1
ColliOrientali,44,11,Pignolo,2019,acid,5.4,g l-1
ColliOrientali,44,11,Pignolo,2020,acid,5.2,g l-1
ColliOrientali,44,11,Pignolo,2021,acid,5.4,g l-1
ColliOrientali,44,11,Pignolo,2022,acid,4.6,g l-1
ColliOrientali,44,11,Pignolo,2023,acid,5.7,g l-1
ColliOrientali,44,11,Pignolo,2003,anthocians,939.8798,mg l-1
ColliOrientali,44,11,Pignolo,2004,anthocians,2069.138,mg l-1
ColliOrientali,44,11,Pignolo,2005,anthocians,1788.577,mg l-1
ColliOrientali,44,11,Pignolo,2006,anthocians,1641.283,mg l-1
ColliOrientali,44,11,Pignolo,2007,anthocians,1080.16,mg l-1
ColliOrientali,44,11,Pignolo,2008,anthocians,1579,mg l-1
ColliOrientali,44,11,Pignolo,2009,anthocians,1992,mg l-1
ColliOrientali,44,11,Pignolo,2010,anthocians,1892,mg l-1
ColliOrientali,44,11,Pignolo,2011,anthocians,1766,mg l-1
ColliOrientali,44,11,Pignolo,2012,anthocians,1343,mg l-1
ColliOrientali,44,11,Pignolo,2013,anthocians,2016.81,mg l-1
ColliOrientali,44,11,Pignolo,2014,anthocians,1588.24,mg l-1
ColliOrientali,44,11,Pignolo,2015,anthocians,1184.87,mg l-1
ColliOrientali,44,11,Pignolo,2016,anthocians,1865.55,mg l-1
ColliOrientali,44,11,Pignolo,2017,anthocians,1134.45,mg l-1
ColliOrientali,44,11,Pignolo,2018,anthocians,894.96,mg l-1
ColliOrientali,44,11,Pignolo,2019,anthocians,1121.85,mg l-1
ColliOrientali,44,11,Pignolo,2020,anthocians,1310.92,mg l-1
ColliOrientali,44,11,Pignolo,2021,anthocians,1500,mg l-1
ColliOrientali,44,11,Pignolo,2022,anthocians,1046.22,mg l-1
ColliOrientali,44,11,Pignolo,2023,anthocians,738,mg l-1
ColliOrientali,44,11,Pignolo,2024,anthocians,738,mg l-1
ColliOrientali,44,11,PinotB,2008,bunchNo,11,number
ColliOrientali,44,11,PinotB,2009,bunchNo,9,number
ColliOrientali,44,11,PinotB,2010,bunchNo,18,number
ColliOrientali,44,11,PinotB,2011,bunchNo,13,number
ColliOrientali,44,11,PinotB,2012,bunchNo,14,number
ColliOrientali,44,11,PinotB,2013,bunchNo,13,number
ColliOrientali,44,11,PinotB,2014,bunchNo,8,number
ColliOrientali,44,11,PinotB,2015,bunchNo,12,number
ColliOrientali,44,11,PinotB,2016,bunchNo,13,number
ColliOrientali,44,11,PinotB,2017,bunchNo,10,number
ColliOrientali,44,11,PinotB,2018,bunchNo,15,number
ColliOrientali,44,11,PinotB,2019,bunchNo,13,number
ColliOrientali,44,11,PinotB,2008,berriesNo,118,number
ColliOrientali,44,11,PinotB,2009,berriesNo,108,number
ColliOrientali,44,11,PinotB,2010,berriesNo,95,number
ColliOrientali,44,11,PinotB,2011,berriesNo,106,number
ColliOrientali,44,11,PinotB,2013,berriesNo,124,number
ColliOrientali,44,11,PinotB,2014,berriesNo,109,number
ColliOrientali,44,11,PinotB,2015,berriesNo,108,number
ColliOrientali,44,11,PinotB,2016,berriesNo,148,number
ColliOrientali,44,11,PinotB,2017,berriesNo,119,number
ColliOrientali,44,11,PinotB,2018,berriesNo,151,number
ColliOrientali,44,11,PinotB,2019,berriesNo,110,number
ColliOrientali,44,11,PinotB,2020,berriesNo,93,number
ColliOrientali,44,11,PinotB,2021,berriesNo,123,number
ColliOrientali,44,11,PinotB,2022,berriesNo,138,number
ColliOrientali,44,11,PinotB,2023,berriesNo,122,number
ColliOrientali,44,11,PinotB,2024,berriesNo,93,number
ColliOrientali,44,11,PinotB,2008,berryWeight,1.73,g
ColliOrientali,44,11,PinotB,2009,berryWeight,1.65,g
ColliOrientali,44,11,PinotB,2010,berryWeight,1.54,g
ColliOrientali,44,11,PinotB,2011,berryWeight,1.59,g
ColliOrientali,44,11,PinotB,2013,berryWeight,1.07,g
ColliOrientali,44,11,PinotB,2014,berryWeight,1.62,g
ColliOrientali,44,11,PinotB,2015,berryWeight,1.75,g
ColliOrientali,44,11,PinotB,2016,berryWeight,1.27,g
ColliOrientali,44,11,PinotB,2017,berryWeight,1.36,g
ColliOrientali,44,11,PinotB,2018,berryWeight,1.64,g
ColliOrientali,44,11,PinotB,2019,berryWeight,1.31,g
ColliOrientali,44,11,PinotB,2020,berryWeight,1.44,g
ColliOrientali,44,11,PinotB,2021,berryWeight,1.5,g
ColliOrientali,44,11,PinotB,2022,berryWeight,1.2,g
ColliOrientali,44,11,PinotB,2023,berryWeight,1.21,g
ColliOrientali,44,11,PinotB,2024,berryWeight,1.2,g
ColliOrientali,44,11,PinotB,2008,yield,2.25,kg plant-1
ColliOrientali,44,11,PinotB,2009,yield,1.6,kg plant-1
ColliOrientali,44,11,PinotB,2010,yield,2.63,kg plant-1
ColliOrientali,44,11,PinotB,2011,yield,2.19,kg plant-1
ColliOrientali,44,11,PinotB,2013,yield,1.72,kg plant-1
ColliOrientali,44,11,PinotB,2014,yield,1.41,kg plant-1
ColliOrientali,44,11,PinotB,2015,yield,2.27,kg plant-1
ColliOrientali,44,11,PinotB,2016,yield,2.44,kg plant-1
ColliOrientali,44,11,PinotB,2017,yield,1.62,kg plant-1
ColliOrientali,44,11,PinotB,2018,yield,3.71,kg plant-1
ColliOrientali,44,11,PinotB,2019,yield,1.87,kg plant-1
ColliOrientali,44,11,PinotG,2006,bunchNo,29,number
ColliOrientali,44,11,PinotG,2007,bunchNo,22,number
ColliOrientali,44,11,PinotG,2008,bunchNo,22,number
ColliOrientali,44,11,PinotG,2009,bunchNo,19,number
ColliOrientali,44,11,PinotG,2010,bunchNo,16,number
ColliOrientali,44,11,PinotG,2011,bunchNo,13,number
ColliOrientali,44,11,PinotG,2012,bunchNo,14,number
ColliOrientali,44,11,PinotG,2013,bunchNo,10,number
ColliOrientali,44,11,PinotG,2014,bunchNo,10,number
ColliOrientali,44,11,PinotG,2015,bunchNo,14,number
ColliOrientali,44,11,PinotG,2016,bunchNo,13,number
ColliOrientali,44,11,PinotG,2017,bunchNo,9,number
ColliOrientali,44,11,PinotG,2018,bunchNo,17,number
ColliOrientali,44,11,PinotG,2019,bunchNo,12,number
ColliOrientali,44,11,PinotG,2006,berriesNo,87,number
ColliOrientali,44,11,PinotG,2007,berriesNo,148,number
ColliOrientali,44,11,PinotG,2008,berriesNo,116,number
ColliOrientali,44,11,PinotG,2009,berriesNo,104,number
ColliOrientali,44,11,PinotG,2010,berriesNo,100,number
ColliOrientali,44,11,PinotG,2011,berriesNo,103,number
ColliOrientali,44,11,PinotG,2012,berriesNo,87,number
ColliOrientali,44,11,PinotG,2013,berriesNo,93,number
ColliOrientali,44,11,PinotG,2014,berriesNo,94,number
ColliOrientali,44,11,PinotG,2015,berriesNo,101,number
ColliOrientali,44,11,PinotG,2016,berriesNo,114,number
ColliOrientali,44,11,PinotG,2017,berriesNo,95,number
ColliOrientali,44,11,PinotG,2018,berriesNo,142,number
ColliOrientali,44,11,PinotG,2019,berriesNo,94,number
ColliOrientali,44,11,PinotG,2020,berriesNo,120,number
ColliOrientali,44,11,PinotG,2021,berriesNo,105,number
ColliOrientali,44,11,PinotG,2022,berriesNo,135,number
ColliOrientali,44,11,PinotG,2023,berriesNo,107,number
ColliOrientali,44,11,PinotG,2024,berriesNo,85,number
ColliOrientali,44,11,PinotG,2006,berryWeight,1.12,g
ColliOrientali,44,11,PinotG,2007,berryWeight,1.17,g
ColliOrientali,44,11,PinotG,2008,berryWeight,1.26,g
ColliOrientali,44,11,PinotG,2009,berryWeight,1.34,g
ColliOrientali,44,11,PinotG,2010,berryWeight,1.18,g
ColliOrientali,44,11,PinotG,2011,berryWeight,1.3,g
ColliOrientali,44,11,PinotG,2012,berryWeight,0.97,g
ColliOrientali,44,11,PinotG,2013,berryWeight,0.95,g
ColliOrientali,44,11,PinotG,2014,berryWeight,1.25,g
ColliOrientali,44,11,PinotG,2015,berryWeight,1.31,g
ColliOrientali,44,11,PinotG,2016,berryWeight,0.94,g
ColliOrientali,44,11,PinotG,2017,berryWeight,1.21,g
ColliOrientali,44,11,PinotG,2018,berryWeight,1.14,g
ColliOrientali,44,11,PinotG,2019,berryWeight,1.04,g
ColliOrientali,44,11,PinotG,2020,berryWeight,1.21,g
ColliOrientali,44,11,PinotG,2021,berryWeight,1.2,g
ColliOrientali,44,11,PinotG,2022,berryWeight,0.96,g
ColliOrientali,44,11,PinotG,2023,berryWeight,1.25,g
ColliOrientali,44,11,PinotG,2024,berryWeight,0.95,g
ColliOrientali,44,11,PinotG,2006,yield,2.83,kg plant-1
ColliOrientali,44,11,PinotG,2007,yield,3.81,kg plant-1
ColliOrientali,44,11,PinotG,2008,yield,3.22,kg plant-1
ColliOrientali,44,11,PinotG,2009,yield,2.65,kg plant-1
ColliOrientali,44,11,PinotG,2010,yield,1.89,kg plant-1
ColliOrientali,44,11,PinotG,2011,yield,1.74,kg plant-1
ColliOrientali,44,11,PinotG,2012,yield,1.18,kg plant-1
ColliOrientali,44,11,PinotG,2013,yield,0.88,kg plant-1
ColliOrientali,44,11,PinotG,2014,yield,1.18,kg plant-1
ColliOrientali,44,11,PinotG,2015,yield,1.85,kg plant-1
ColliOrientali,44,11,PinotG,2016,yield,1.39,kg plant-1
ColliOrientali,44,11,PinotG,2017,yield,1.03,kg plant-1
ColliOrientali,44,11,PinotG,2018,yield,2.75,kg plant-1
ColliOrientali,44,11,PinotG,2019,yield,1.17,kg plant-1
ColliOrientali,44,11,PinotG,2008,sugar,23,Bx
ColliOrientali,44,11,PinotG,2009,sugar,22.9,Bx
ColliOrientali,44,11,PinotG,2010,sugar,21.5,Bx
ColliOrientali,44,11,PinotG,2011,sugar,22,Bx
ColliOrientali,44,11,PinotG,2012,sugar,22.6,Bx
ColliOrientali,44,11,PinotG,2013,sugar,21.5,Bx
ColliOrientali,44,11,PinotG,2014,sugar,18.9,Bx
ColliOrientali,44,11,PinotG,2015,sugar,21.5,Bx
ColliOrientali,44,11,PinotG,2016,sugar,22.9,Bx
ColliOrientali,44,11,PinotG,2017,sugar,20.8,Bx
ColliOrientali,44,11,PinotG,2018,sugar,21.7,Bx
ColliOrientali,44,11,PinotG,2019,sugar,22.4,Bx
ColliOrientali,44,11,PinotG,2020,sugar,20.9,Bx
ColliOrientali,44,11,PinotG,2021,sugar,21.5,Bx
ColliOrientali,44,11,PinotG,2023,sugar,20.1,Bx
ColliOrientali,44,11,PinotG,2008,acid,6.6,g l-1
ColliOrientali,44,11,PinotG,2009,acid,5.4,g l-1
ColliOrientali,44,11,PinotG,2010,acid,6.1,g l-1
ColliOrientali,44,11,PinotG,2011,acid,6.5,g l-1
ColliOrientali,44,11,PinotG,2012,acid,6.6,g l-1
ColliOrientali,44,11,PinotG,2013,acid,6.8,g l-1
ColliOrientali,44,11,PinotG,2014,acid,7.75,g l-1
ColliOrientali,44,11,PinotG,2015,acid,5.5,g l-1
ColliOrientali,44,11,PinotG,2016,acid,5.2,g l-1
ColliOrientali,44,11,PinotG,2017,acid,5.5,g l-1
ColliOrientali,44,11,PinotG,2018,acid,4.6,g l-1
ColliOrientali,44,11,PinotG,2019,acid,4.9,g l-1
ColliOrientali,44,11,PinotG,2020,acid,5.6,g l-1
ColliOrientali,44,11,PinotG,2021,acid,6.1,g l-1
ColliOrientali,44,11,PinotG,2023,acid,5.6,g l-1
ColliOrientali,44,11,RefoscoPr,2006,bunchNo,16,number
ColliOrientali,44,11,RefoscoPr,2007,bunchNo,12,number
ColliOrientali,44,11,RefoscoPr,2008,bunchNo,16,number
ColliOrientali,44,11,RefoscoPr,2009,bunchNo,9,number
ColliOrientali,44,11,RefoscoPr,2010,bunchNo,15,number
ColliOrientali,44,11,RefoscoPr,2011,bunchNo,12,number
ColliOrientali,44,11,RefoscoPr,2012,bunchNo,11,number
ColliOrientali,44,11,RefoscoPr,2013,bunchNo,7,number
ColliOrientali,44,11,RefoscoPr,2014,bunchNo,7,number
ColliOrientali,44,11,RefoscoPr,2015,bunchNo,14,number
ColliOrientali,44,11,RefoscoPr,2016,bunchNo,12,number
ColliOrientali,44,11,RefoscoPr,2017,bunchNo,10,number
ColliOrientali,44,11,RefoscoPr,2018,bunchNo,15,number
ColliOrientali,44,11,RefoscoPr,2019,bunchNo,12,number
ColliOrientali,44,11,RefoscoPr,2006,berriesNo,87,number
ColliOrientali,44,11,RefoscoPr,2007,berriesNo,134,number
ColliOrientali,44,11,RefoscoPr,2008,berriesNo,195,number
ColliOrientali,44,11,RefoscoPr,2009,berriesNo,191,number
ColliOrientali,44,11,RefoscoPr,2010,berriesNo,146,number
ColliOrientali,44,11,RefoscoPr,2011,berriesNo,229,number
ColliOrientali,44,11,RefoscoPr,2012,berriesNo,144,number
ColliOrientali,44,11,RefoscoPr,2013,berriesNo,162,number
ColliOrientali,44,11,RefoscoPr,2014,berriesNo,143,number
ColliOrientali,44,11,RefoscoPr,2015,berriesNo,143,number
ColliOrientali,44,11,RefoscoPr,2016,berriesNo,167,number
ColliOrientali,44,11,RefoscoPr,2017,berriesNo,140,number
ColliOrientali,44,11,RefoscoPr,2018,berriesNo,191,number
ColliOrientali,44,11,RefoscoPr,2019,berriesNo,100,number
ColliOrientali,44,11,RefoscoPr,2020,berriesNo,155,number
ColliOrientali,44,11,RefoscoPr,2021,berriesNo,135,number
ColliOrientali,44,11,RefoscoPr,2022,berriesNo,148,number
ColliOrientali,44,11,RefoscoPr,2023,berriesNo,131,number
ColliOrientali,44,11,RefoscoPr,2024,berriesNo,85,number
ColliOrientali,44,11,RefoscoPr,2006,berryWeight,1.6,g
ColliOrientali,44,11,RefoscoPr,2007,berryWeight,1.4,g
ColliOrientali,44,11,RefoscoPr,2008,berryWeight,1.23,g
ColliOrientali,44,11,RefoscoPr,2009,berryWeight,1.73,g
ColliOrientali,44,11,RefoscoPr,2010,berryWeight,1.44,g
ColliOrientali,44,11,RefoscoPr,2011,berryWeight,1.56,g
ColliOrientali,44,11,RefoscoPr,2012,berryWeight,1.19,g
ColliOrientali,44,11,RefoscoPr,2013,berryWeight,1.1,g
ColliOrientali,44,11,RefoscoPr,2014,berryWeight,1.39,g
ColliOrientali,44,11,RefoscoPr,2015,berryWeight,1.59,g
ColliOrientali,44,11,RefoscoPr,2016,berryWeight,1.21,g
ColliOrientali,44,11,RefoscoPr,2017,berryWeight,1.42,g
ColliOrientali,44,11,RefoscoPr,2018,berryWeight,1.54,g
ColliOrientali,44,11,RefoscoPr,2019,berryWeight,1.55,g
ColliOrientali,44,11,RefoscoPr,2020,berryWeight,1.58,g
ColliOrientali,44,11,RefoscoPr,2021,berryWeight,1.6,g
ColliOrientali,44,11,RefoscoPr,2022,berryWeight,1.5,g
ColliOrientali,44,11,RefoscoPr,2023,berryWeight,1.32,g
ColliOrientali,44,11,RefoscoPr,2024,berryWeight,1.25,g
ColliOrientali,44,11,RefoscoPr,2006,yield,2.23,kg plant-1
ColliOrientali,44,11,RefoscoPr,2007,yield,2.25,kg plant-1
ColliOrientali,44,11,RefoscoPr,2008,yield,3.84,kg plant-1
ColliOrientali,44,11,RefoscoPr,2009,yield,2.97,kg plant-1
ColliOrientali,44,11,RefoscoPr,2010,yield,3.15,kg plant-1
ColliOrientali,44,11,RefoscoPr,2011,yield,4.29,kg plant-1
ColliOrientali,44,11,RefoscoPr,2012,yield,1.88,kg plant-1
ColliOrientali,44,11,RefoscoPr,2013,yield,1.25,kg plant-1
ColliOrientali,44,11,RefoscoPr,2014,yield,1.39,kg plant-1
ColliOrientali,44,11,RefoscoPr,2015,yield,3.18,kg plant-1
ColliOrientali,44,11,RefoscoPr,2016,yield,2.42,kg plant-1
ColliOrientali,44,11,RefoscoPr,2017,yield,1.99,kg plant-1
ColliOrientali,44,11,RefoscoPr,2018,yield,4.41,kg plant-1
ColliOrientali,44,11,RefoscoPr,2019,yield,1.86,kg plant-1
ColliOrientali,44,11,RefoscoPr,2008,sugar,21.1,Bx
ColliOrientali,44,11,RefoscoPr,2009,sugar,19.1,Bx
ColliOrientali,44,11,RefoscoPr,2010,sugar,21.2,Bx
ColliOrientali,44,11,RefoscoPr,2011,sugar,22.1,Bx
ColliOrientali,44,11,RefoscoPr,2012,sugar,21.7,Bx
ColliOrientali,44,11,RefoscoPr,2013,sugar,21.7,Bx
ColliOrientali,44,11,RefoscoPr,2014,sugar,19.4,Bx
ColliOrientali,44,11,RefoscoPr,2015,sugar,20.6,Bx
ColliOrientali,44,11,RefoscoPr,2016,sugar,22,Bx
ColliOrientali,44,11,RefoscoPr,2017,sugar,20.2,Bx
ColliOrientali,44,11,RefoscoPr,2018,sugar,22.6,Bx
ColliOrientali,44,11,RefoscoPr,2019,sugar,21.6,Bx
ColliOrientali,44,11,RefoscoPr,2020,sugar,21.5,Bx
ColliOrientali,44,11,RefoscoPr,2021,sugar,22.1,Bx
ColliOrientali,44,11,RefoscoPr,2022,sugar,22.6,Bx
ColliOrientali,44,11,RefoscoPr,2023,sugar,20.6,Bx
ColliOrientali,44,11,RefoscoPr,2008,acid,8.9,g l-1
ColliOrientali,44,11,RefoscoPr,2009,acid,6.1,g l-1
ColliOrientali,44,11,RefoscoPr,2010,acid,7.9,g l-1
ColliOrientali,44,11,RefoscoPr,2011,acid,5.8,g l-1
ColliOrientali,44,11,RefoscoPr,2012,acid,7.1,g l-1
ColliOrientali,44,11,RefoscoPr,2013,acid,6,g l-1
ColliOrientali,44,11,RefoscoPr,2014,acid,9.1,g l-1
ColliOrientali,44,11,RefoscoPr,2015,acid,6,g l-1
ColliOrientali,44,11,RefoscoPr,2016,acid,6.3,g l-1
ColliOrientali,44,11,RefoscoPr,2017,acid,6.6,g l-1
ColliOrientali,44,11,RefoscoPr,2018,acid,4.2,g l-1
ColliOrientali,44,11,RefoscoPr,2019,acid,5.4,g l-1
ColliOrientali,44,11,RefoscoPr,2020,acid,5.1,g l-1
ColliOrientali,44,11,RefoscoPr,2021,acid,6.2,g l-1
ColliOrientali,44,11,RefoscoPr,2022,acid,4.7,g l-1
ColliOrientali,44,11,RefoscoPr,2023,acid,5.8,g l-1
ColliOrientali,44,11,RefoscoPr,1998,anthocians,1698.63,mg l-1
ColliOrientali,44,11,RefoscoPr,1999,anthocians,2802.348,mg l-1
ColliOrientali,44,11,RefoscoPr,2000,anthocians,2113.503,mg l-1
ColliOrientali,44,11,RefoscoPr,2003,anthocians,2410.959,mg l-1
ColliOrientali,44,11,RefoscoPr,2004,anthocians,3553.816,mg l-1
ColliOrientali,44,11,RefoscoPr,2005,anthocians,2872.798,mg l-1
ColliOrientali,44,11,RefoscoPr,2006,anthocians,2426.614,mg l-1
ColliOrientali,44,11,RefoscoPr,2007,anthocians,2841.487,mg l-1
ColliOrientali,44,11,RefoscoPr,2008,anthocians,2833,mg l-1
ColliOrientali,44,11,RefoscoPr,2009,anthocians,2244,mg l-1
ColliOrientali,44,11,RefoscoPr,2010,anthocians,3166,mg l-1
ColliOrientali,44,11,RefoscoPr,2011,anthocians,2587,mg l-1
ColliOrientali,44,11,RefoscoPr,2012,anthocians,2675,mg l-1
ColliOrientali,44,11,RefoscoPr,2013,anthocians,1640.63,mg l-1
ColliOrientali,44,11,RefoscoPr,2014,anthocians,1765.62,mg l-1
ColliOrientali,44,11,RefoscoPr,2015,anthocians,2125,mg l-1
ColliOrientali,44,11,RefoscoPr,2016,anthocians,2328.13,mg l-1
ColliOrientali,44,11,RefoscoPr,2017,anthocians,2578.12,mg l-1
ColliOrientali,44,11,RefoscoPr,2018,anthocians,1843.75,mg l-1
ColliOrientali,44,11,RefoscoPr,2019,anthocians,2218.75,mg l-1
ColliOrientali,44,11,RefoscoPr,2020,anthocians,2078.13,mg l-1
ColliOrientali,44,11,RefoscoPr,2021,anthocians,2312.5,mg l-1
ColliOrientali,44,11,RefoscoPr,2022,anthocians,2093.75,mg l-1
ColliOrientali,44,11,RefoscoPr,2023,anthocians,1404,mg l-1
ColliOrientali,44,11,RefoscoPr,2024,anthocians,2110,mg l-1
ColliOrientali,44,11,Ribolla,2006,bunchNo,21,number
ColliOrientali,44,11,Ribolla,2007,bunchNo,21,number
ColliOrientali,44,11,Ribolla,2008,bunchNo,17,number
ColliOrientali,44,11,Ribolla,2009,bunchNo,15,number
ColliOrientali,44,11,Ribolla,2010,bunchNo,18,number
ColliOrientali,44,11,Ribolla,2011,bunchNo,17,number
ColliOrientali,44,11,Ribolla,2012,bunchNo,19,number
ColliOrientali,44,11,Ribolla,2013,bunchNo,14,number
ColliOrientali,44,11,Ribolla,2014,bunchNo,14,number
ColliOrientali,44,11,Ribolla,2015,bunchNo,16,number
ColliOrientali,44,11,Ribolla,2016,bunchNo,24,number
ColliOrientali,44,11,Ribolla,2017,bunchNo,14,number
ColliOrientali,44,11,Ribolla,2018,bunchNo,21,number
ColliOrientali,44,11,Ribolla,2019,bunchNo,20,number
ColliOrientali,44,11,Ribolla,2006,berriesNo,58,number
ColliOrientali,44,11,Ribolla,2007,berriesNo,95,number
ColliOrientali,44,11,Ribolla,2008,berriesNo,95,number
ColliOrientali,44,11,Ribolla,2009,berriesNo,91,number
ColliOrientali,44,11,Ribolla,2010,berriesNo,79,number
ColliOrientali,44,11,Ribolla,2011,berriesNo,95,number
ColliOrientali,44,11,Ribolla,2012,berriesNo,93,number
ColliOrientali,44,11,Ribolla,2013,berriesNo,96,number
ColliOrientali,44,11,Ribolla,2014,berriesNo,76,number
ColliOrientali,44,11,Ribolla,2015,berriesNo,79,number
ColliOrientali,44,11,Ribolla,2016,berriesNo,96,number
ColliOrientali,44,11,Ribolla,2017,berriesNo,104,number
ColliOrientali,44,11,Ribolla,2018,berriesNo,88,number
ColliOrientali,44,11,Ribolla,2019,berriesNo,85,number
ColliOrientali,44,11,Ribolla,2020,berriesNo,93,number
ColliOrientali,44,11,Ribolla,2021,berriesNo,85,number
ColliOrientali,44,11,Ribolla,2022,berriesNo,110,number
ColliOrientali,44,11,Ribolla,2023,berriesNo,93,number
ColliOrientali,44,11,Ribolla,2024,berriesNo,76,number
ColliOrientali,44,11,Ribolla,2006,berryWeight,2.14,g
ColliOrientali,44,11,Ribolla,2007,berryWeight,2.16,g
ColliOrientali,44,11,Ribolla,2008,berryWeight,2,g
ColliOrientali,44,11,Ribolla,2009,berryWeight,2.3,g
ColliOrientali,44,11,Ribolla,2010,berryWeight,2.13,g
ColliOrientali,44,11,Ribolla,2011,berryWeight,2,g
ColliOrientali,44,11,Ribolla,2012,berryWeight,1.52,g
ColliOrientali,44,11,Ribolla,2013,berryWeight,1.27,g
ColliOrientali,44,11,Ribolla,2014,berryWeight,2.25,g
ColliOrientali,44,11,Ribolla,2015,berryWeight,2.35,g
ColliOrientali,44,11,Ribolla,2016,berryWeight,1.81,g
ColliOrientali,44,11,Ribolla,2017,berryWeight,2.28,g
ColliOrientali,44,11,Ribolla,2018,berryWeight,2.66,g
ColliOrientali,44,11,Ribolla,2019,berryWeight,1.91,g
ColliOrientali,44,11,Ribolla,2020,berryWeight,2.14,g
ColliOrientali,44,11,Ribolla,2021,berryWeight,2.2,g
ColliOrientali,44,11,Ribolla,2022,berryWeight,1.7,g
ColliOrientali,44,11,Ribolla,2023,berryWeight,2.06,g
ColliOrientali,44,11,Ribolla,2024,berryWeight,1.6,g
ColliOrientali,44,11,Ribolla,2006,yield,2.61,kg plant-1
ColliOrientali,44,11,Ribolla,2007,yield,4.31,kg plant-1
ColliOrientali,44,11,Ribolla,2008,yield,3.23,kg plant-1
ColliOrientali,44,11,Ribolla,2009,yield,3.14,kg plant-1
ColliOrientali,44,11,Ribolla,2010,yield,3.03,kg plant-1
ColliOrientali,44,11,Ribolla,2011,yield,3.23,kg plant-1
ColliOrientali,44,11,Ribolla,2012,yield,2.69,kg plant-1
ColliOrientali,44,11,Ribolla,2013,yield,1.71,kg plant-1
ColliOrientali,44,11,Ribolla,2014,yield,2.39,kg plant-1
ColliOrientali,44,11,Ribolla,2015,yield,2.97,kg plant-1
ColliOrientali,44,11,Ribolla,2016,yield,4.17,kg plant-1
ColliOrientali,44,11,Ribolla,2017,yield,3.32,kg plant-1
ColliOrientali,44,11,Ribolla,2018,yield,4.92,kg plant-1
ColliOrientali,44,11,Ribolla,2019,yield,3.25,kg plant-1
ColliOrientali,44,11,Ribolla,2008,sugar,19,Bx
ColliOrientali,44,11,Ribolla,2009,sugar,21.2,Bx
ColliOrientali,44,11,Ribolla,2010,sugar,21.4,Bx
ColliOrientali,44,11,Ribolla,2011,sugar,20.7,Bx
ColliOrientali,44,11,Ribolla,2012,sugar,19.3,Bx
ColliOrientali,44,11,Ribolla,2013,sugar,18.5,Bx
ColliOrientali,44,11,Ribolla,2014,sugar,17.2,Bx
ColliOrientali,44,11,Ribolla,2015,sugar,18.5,Bx
ColliOrientali,44,11,Ribolla,2016,sugar,19,Bx
ColliOrientali,44,11,Ribolla,2017,sugar,19,Bx
ColliOrientali,44,11,Ribolla,2018,sugar,18.3,Bx
ColliOrientali,44,11,Ribolla,2019,sugar,18.8,Bx
ColliOrientali,44,11,Ribolla,2020,sugar,19.2,Bx
ColliOrientali,44,11,Ribolla,2021,sugar,19,Bx
ColliOrientali,44,11,Ribolla,2023,sugar,18.3,Bx
ColliOrientali,44,11,Ribolla,2008,acid,9.1,g l-1
ColliOrientali,44,11,Ribolla,2009,acid,5,g l-1
ColliOrientali,44,11,Ribolla,2010,acid,8.2,g l-1
ColliOrientali,44,11,Ribolla,2011,acid,5.4,g l-1
ColliOrientali,44,11,Ribolla,2012,acid,5.9,g l-1
ColliOrientali,44,11,Ribolla,2013,acid,6.9,g l-1
ColliOrientali,44,11,Ribolla,2014,acid,10.9,g l-1
ColliOrientali,44,11,Ribolla,2015,acid,6.3,g l-1
ColliOrientali,44,11,Ribolla,2016,acid,6.6,g l-1
ColliOrientali,44,11,Ribolla,2017,acid,6.3,g l-1
ColliOrientali,44,11,Ribolla,2018,acid,5.4,g l-1
ColliOrientali,44,11,Ribolla,2019,acid,6.4,g l-1
ColliOrientali,44,11,Ribolla,2020,acid,6.6,g l-1
ColliOrientali,44,11,Ribolla,2021,acid,7,g l-1
ColliOrientali,44,11,Ribolla,2023,acid,6.7,g l-1
ColliOrientali,44,11,SauvignonB,2006,bunchNo,13,number
ColliOrientali,44,11,SauvignonB,2007,bunchNo,14,number
ColliOrientali,44,11,SauvignonB,2008,bunchNo,13,number
ColliOrientali,44,11,SauvignonB,2009,bunchNo,11,number
ColliOrientali,44,11,SauvignonB,2010,bunchNo,16,number
ColliOrientali,44,11,SauvignonB,2011,bunchNo,17,number
ColliOrientali,44,11,SauvignonB,2012,bunchNo,18,number
ColliOrientali,44,11,SauvignonB,2013,bunchNo,10,number
ColliOrientali,44,11,SauvignonB,2014,bunchNo,12,number
ColliOrientali,44,11,SauvignonB,2015,bunchNo,17,number
ColliOrientali,44,11,SauvignonB,2016,bunchNo,15,number
ColliOrientali,44,11,SauvignonB,2017,bunchNo,10,number
ColliOrientali,44,11,SauvignonB,2018,bunchNo,16,number
ColliOrientali,44,11,SauvignonB,2019,bunchNo,17,number
ColliOrientali,44,11,SauvignonB,2006,berriesNo,64,number
ColliOrientali,44,11,SauvignonB,2007,berriesNo,92,number
ColliOrientali,44,11,SauvignonB,2008,berriesNo,80,number
ColliOrientali,44,11,SauvignonB,2009,berriesNo,108,number
ColliOrientali,44,11,SauvignonB,2010,berriesNo,113,number
ColliOrientali,44,11,SauvignonB,2011,berriesNo,66,number
ColliOrientali,44,11,SauvignonB,2012,berriesNo,112,number
ColliOrientali,44,11,SauvignonB,2013,berriesNo,86,number
ColliOrientali,44,11,SauvignonB,2014,berriesNo,77,number
ColliOrientali,44,11,SauvignonB,2015,berriesNo,82,number
ColliOrientali,44,11,SauvignonB,2016,berriesNo,83,number
ColliOrientali,44,11,SauvignonB,2017,berriesNo,83,number
ColliOrientali,44,11,SauvignonB,2018,berriesNo,101,number
ColliOrientali,44,11,SauvignonB,2019,berriesNo,96,number
ColliOrientali,44,11,SauvignonB,2020,berriesNo,90,number
ColliOrientali,44,11,SauvignonB,2021,berriesNo,90,number
ColliOrientali,44,11,SauvignonB,2022,berriesNo,100,number
ColliOrientali,44,11,SauvignonB,2023,berriesNo,115,number
ColliOrientali,44,11,SauvignonB,2024,berriesNo,85,number
ColliOrientali,44,11,SauvignonB,2006,berryWeight,1.26,g
ColliOrientali,44,11,SauvignonB,2007,berryWeight,1.64,g
ColliOrientali,44,11,SauvignonB,2008,berryWeight,1.53,g
ColliOrientali,44,11,SauvignonB,2009,berryWeight,2,g
ColliOrientali,44,11,SauvignonB,2010,berryWeight,1.74,g
ColliOrientali,44,11,SauvignonB,2011,berryWeight,1.77,g
ColliOrientali,44,11,SauvignonB,2012,berryWeight,0.89,g
ColliOrientali,44,11,SauvignonB,2013,berryWeight,1.08,g
ColliOrientali,44,11,SauvignonB,2014,berryWeight,2.04,g
ColliOrientali,44,11,SauvignonB,2015,berryWeight,1.51,g
ColliOrientali,44,11,SauvignonB,2016,berryWeight,1.27,g
ColliOrientali,44,11,SauvignonB,2017,berryWeight,1.61,g
ColliOrientali,44,11,SauvignonB,2018,berryWeight,1.68,g
ColliOrientali,44,11,SauvignonB,2019,berryWeight,1.28,g
ColliOrientali,44,11,SauvignonB,2020,berryWeight,1.71,g
ColliOrientali,44,11,SauvignonB,2021,berryWeight,1.45,g
ColliOrientali,44,11,SauvignonB,2022,berryWeight,1.32,g
ColliOrientali,44,11,SauvignonB,2023,berryWeight,1.53,g
ColliOrientali,44,11,SauvignonB,2024,berryWeight,1.2,g
ColliOrientali,44,11,SauvignonB,2006,yield,1.05,kg plant-1
ColliOrientali,44,11,SauvignonB,2007,yield,2.11,kg plant-1
ColliOrientali,44,11,SauvignonB,2008,yield,1.59,kg plant-1
ColliOrientali,44,11,SauvignonB,2009,yield,2.38,kg plant-1
ColliOrientali,44,11,SauvignonB,2010,yield,3.15,kg plant-1
ColliOrientali,44,11,SauvignonB,2011,yield,1.99,kg plant-1
ColliOrientali,44,11,SauvignonB,2012,yield,1.79,kg plant-1
ColliOrientali,44,11,SauvignonB,2013,yield,0.93,kg plant-1
ColliOrientali,44,11,SauvignonB,2014,yield,1.88,kg plant-1
ColliOrientali,44,11,SauvignonB,2015,yield,2.1,kg plant-1
ColliOrientali,44,11,SauvignonB,2016,yield,1.58,kg plant-1
ColliOrientali,44,11,SauvignonB,2017,yield,1.34,kg plant-1
ColliOrientali,44,11,SauvignonB,2018,yield,2.71,kg plant-1
ColliOrientali,44,11,SauvignonB,2019,yield,2.09,kg plant-1
ColliOrientali,44,11,SauvignonB,2008,sugar,22.5,Bx
ColliOrientali,44,11,SauvignonB,2009,sugar,23.1,Bx
ColliOrientali,44,11,SauvignonB,2010,sugar,21.2,Bx
ColliOrientali,44,11,SauvignonB,2011,sugar,26.3,Bx
ColliOrientali,44,11,SauvignonB,2013,sugar,22.4,Bx
ColliOrientali,44,11,SauvignonB,2014,sugar,18.7,Bx
ColliOrientali,44,11,SauvignonB,2015,sugar,21,Bx
ColliOrientali,44,11,SauvignonB,2016,sugar,22.2,Bx
ColliOrientali,44,11,SauvignonB,2017,sugar,20.8,Bx
ColliOrientali,44,11,SauvignonB,2018,sugar,21,Bx
ColliOrientali,44,11,SauvignonB,2019,sugar,21.9,Bx
ColliOrientali,44,11,SauvignonB,2020,sugar,21.1,Bx
ColliOrientali,44,11,SauvignonB,2021,sugar,21.9,Bx
ColliOrientali,44,11,SauvignonB,2023,sugar,21.4,Bx
ColliOrientali,44,11,SauvignonB,2008,acid,8.5,g l-1
ColliOrientali,44,11,SauvignonB,2009,acid,7.3,g l-1
ColliOrientali,44,11,SauvignonB,2010,acid,7.1,g l-1
ColliOrientali,44,11,SauvignonB,2011,acid,7.19,g l-1
ColliOrientali,44,11,SauvignonB,2013,acid,7.2,g l-1
ColliOrientali,44,11,SauvignonB,2014,acid,10.3,g l-1
ColliOrientali,44,11,SauvignonB,2015,acid,7.3,g l-1
ColliOrientali,44,11,SauvignonB,2016,acid,6.7,g l-1
ColliOrientali,44,11,SauvignonB,2017,acid,7.1,g l-1
ColliOrientali,44,11,SauvignonB,2018,acid,6,g l-1
ColliOrientali,44,11,SauvignonB,2019,acid,6.2,g l-1
ColliOrientali,44,11,SauvignonB,2020,acid,6.4,g l-1
ColliOrientali,44,11,SauvignonB,2021,acid,6.8,g l-1
ColliOrientali,44,11,SauvignonB,2023,acid,6.3,g l-1
ColliOrientali,44,11,Schioppettino,2006,bunchNo,13,number
ColliOrientali,44,11,Schioppettino,2007,bunchNo,14,number
ColliOrientali,44,11,Schioppettino,2008,bunchNo,13,number
ColliOrientali,44,11,Schioppettino,2009,bunchNo,8,number
ColliOrientali,44,11,Schioppettino,2010,bunchNo,10,number
ColliOrientali,44,11,Schioppettino,2011,bunchNo,6,number
ColliOrientali,44,11,Schioppettino,2012,bunchNo,7,number
ColliOrientali,44,11,Schioppettino,2013,bunchNo,8,number
ColliOrientali,44,11,Schioppettino,2014,bunchNo,7,number
ColliOrientali,44,11,Schioppettino,2015,bunchNo,10,number
ColliOrientali,44,11,Schioppettino,2016,bunchNo,9,number
ColliOrientali,44,11,Schioppettino,2017,bunchNo,6,number
ColliOrientali,44,11,Schioppettino,2018,bunchNo,12,number
ColliOrientali,44,11,Schioppettino,2019,bunchNo,9,number
ColliOrientali,44,11,Schioppettino,2006,berriesNo,78,number
ColliOrientali,44,11,Schioppettino,2007,berriesNo,127,number
ColliOrientali,44,11,Schioppettino,2008,berriesNo,88,number
ColliOrientali,44,11,Schioppettino,2009,berriesNo,67,number
ColliOrientali,44,11,Schioppettino,2010,berriesNo,127,number
ColliOrientali,44,11,Schioppettino,2011,berriesNo,139,number
ColliOrientali,44,11,Schioppettino,2012,berriesNo,101,number
ColliOrientali,44,11,Schioppettino,2013,berriesNo,69,number
ColliOrientali,44,11,Schioppettino,2014,berriesNo,96,number
ColliOrientali,44,11,Schioppettino,2015,berriesNo,102,number
ColliOrientali,44,11,Schioppettino,2016,berriesNo,127,number
ColliOrientali,44,11,Schioppettino,2017,berriesNo,97,number
ColliOrientali,44,11,Schioppettino,2018,berriesNo,111,number
ColliOrientali,44,11,Schioppettino,2019,berriesNo,129,number
ColliOrientali,44,11,Schioppettino,2020,berriesNo,100,number
ColliOrientali,44,11,Schioppettino,2021,berriesNo,118,number
ColliOrientali,44,11,Schioppettino,2022,berriesNo,140,number
ColliOrientali,44,11,Schioppettino,2023,berriesNo,80,number
ColliOrientali,44,11,Schioppettino,2024,berriesNo,80,number
ColliOrientali,44,11,Schioppettino,2006,berryWeight,2.01,g
ColliOrientali,44,11,Schioppettino,2007,berryWeight,2.13,g
ColliOrientali,44,11,Schioppettino,2008,berryWeight,2.15,g
ColliOrientali,44,11,Schioppettino,2009,berryWeight,2.76,g
ColliOrientali,44,11,Schioppettino,2010,berryWeight,2.52,g
ColliOrientali,44,11,Schioppettino,2011,berryWeight,2.63,g
ColliOrientali,44,11,Schioppettino,2012,berryWeight,2.1,g
ColliOrientali,44,11,Schioppettino,2013,berryWeight,1.97,g
ColliOrientali,44,11,Schioppettino,2014,berryWeight,2.51,g
ColliOrientali,44,11,Schioppettino,2015,berryWeight,2.39,g
ColliOrientali,44,11,Schioppettino,2016,berryWeight,2.37,g
ColliOrientali,44,11,Schioppettino,2017,berryWeight,2.64,g
ColliOrientali,44,11,Schioppettino,2018,berryWeight,2.58,g
ColliOrientali,44,11,Schioppettino,2019,berryWeight,2.1,g
ColliOrientali,44,11,Schioppettino,2020,berryWeight,2.53,g
ColliOrientali,44,11,Schioppettino,2021,berryWeight,2.6,g
ColliOrientali,44,11,Schioppettino,2022,berryWeight,2,g
ColliOrientali,44,11,Schioppettino,2023,berryWeight,2.62,g
ColliOrientali,44,11,Schioppettino,2024,berryWeight,2.25,g
ColliOrientali,44,11,Schioppettino,2006,yield,2.04,kg plant-1
ColliOrientali,44,11,Schioppettino,2007,yield,3.79,kg plant-1
ColliOrientali,44,11,Schioppettino,2008,yield,2.46,kg plant-1
ColliOrientali,44,11,Schioppettino,2009,yield,1.48,kg plant-1
ColliOrientali,44,11,Schioppettino,2010,yield,3.2,kg plant-1
ColliOrientali,44,11,Schioppettino,2011,yield,2.19,kg plant-1
ColliOrientali,44,11,Schioppettino,2012,yield,1.48,kg plant-1
ColliOrientali,44,11,Schioppettino,2013,yield,1.09,kg plant-1
ColliOrientali,44,11,Schioppettino,2014,yield,1.69,kg plant-1
ColliOrientali,44,11,Schioppettino,2015,yield,2.44,kg plant-1
ColliOrientali,44,11,Schioppettino,2016,yield,2.71,kg plant-1
ColliOrientali,44,11,Schioppettino,2017,yield,1.54,kg plant-1
ColliOrientali,44,11,Schioppettino,2018,yield,3.44,kg plant-1
ColliOrientali,44,11,Schioppettino,2019,yield,2.44,kg plant-1
ColliOrientali,44,11,Schioppettino,2008,sugar,23.1,Bx
ColliOrientali,44,11,Schioppettino,2009,sugar,22.3,Bx
ColliOrientali,44,11,Schioppettino,2010,sugar,19.9,Bx
ColliOrientali,44,11,Schioppettino,2011,sugar,21.6,Bx
ColliOrientali,44,11,Schioppettino,2012,sugar,21.9,Bx
ColliOrientali,44,11,Schioppettino,2013,sugar,21.7,Bx
ColliOrientali,44,11,Schioppettino,2014,sugar,19,Bx
ColliOrientali,44,11,Schioppettino,2015,sugar,22.3,Bx
ColliOrientali,44,11,Schioppettino,2016,sugar,21.8,Bx
ColliOrientali,44,11,Schioppettino,2017,sugar,20.9,Bx
ColliOrientali,44,11,Schioppettino,2018,sugar,21.2,Bx
ColliOrientali,44,11,Schioppettino,2019,sugar,21.5,Bx
ColliOrientali,44,11,Schioppettino,2020,sugar,19.7,Bx
ColliOrientali,44,11,Schioppettino,2021,sugar,21.8,Bx
ColliOrientali,44,11,Schioppettino,2022,sugar,21.4,Bx
ColliOrientali,44,11,Schioppettino,2023,sugar,20,Bx
ColliOrientali,44,11,Schioppettino,2008,acid,5.8,g l-1
ColliOrientali,44,11,Schioppettino,2009,acid,4.6,g l-1
ColliOrientali,44,11,Schioppettino,2010,acid,5.3,g l-1
ColliOrientali,44,11,Schioppettino,2011,acid,4.8,g l-1
ColliOrientali,44,11,Schioppettino,2012,acid,4.9,g l-1
ColliOrientali,44,11,Schioppettino,2013,acid,4.9,g l-1
ColliOrientali,44,11,Schioppettino,2014,acid,7.1,g l-1
ColliOrientali,44,11,Schioppettino,2015,acid,4.4,g l-1
ColliOrientali,44,11,Schioppettino,2016,acid,4.6,g l-1
ColliOrientali,44,11,Schioppettino,2017,acid,5.1,g l-1
ColliOrientali,44,11,Schioppettino,2018,acid,4.4,g l-1
ColliOrientali,44,11,Schioppettino,2019,acid,4.6,g l-1
ColliOrientali,44,11,Schioppettino,2020,acid,5,g l-1
ColliOrientali,44,11,Schioppettino,2021,acid,4.5,g l-1
ColliOrientali,44,11,Schioppettino,2022,acid,4.6,g l-1
ColliOrientali,44,11,Schioppettino,2023,acid,5.2,g l-1
ColliOrientali,44,11,Schioppettino,2001,anthocians,1527.34,mg l-1
ColliOrientali,44,11,Schioppettino,2003,anthocians,1671.88,mg l-1
ColliOrientali,44,11,Schioppettino,2004,anthocians,1902.34,mg l-1
ColliOrientali,44,11,Schioppettino,2005,anthocians,1824.22,mg l-1
ColliOrientali,44,11,Schioppettino,2006,anthocians,1750,mg l-1
ColliOrientali,44,11,Schioppettino,2007,anthocians,1730.469,mg l-1
ColliOrientali,44,11,Schioppettino,2008,anthocians,1384,mg l-1
ColliOrientali,44,11,Schioppettino,2009,anthocians,1148,mg l-1
ColliOrientali,44,11,Schioppettino,2010,anthocians,1131,mg l-1
ColliOrientali,44,11,Schioppettino,2011,anthocians,1558,mg l-1
ColliOrientali,44,11,Schioppettino,2012,anthocians,1582,mg l-1
ColliOrientali,44,11,Schioppettino,2013,anthocians,1830.71,mg l-1
ColliOrientali,44,11,Schioppettino,2015,anthocians,1259.84,mg l-1
ColliOrientali,44,11,Schioppettino,2016,anthocians,1496.06,mg l-1
ColliOrientali,44,11,Schioppettino,2017,anthocians,826.77,mg l-1
ColliOrientali,44,11,Schioppettino,2018,anthocians,1220.47,mg l-1
ColliOrientali,44,11,Schioppettino,2019,anthocians,1210.63,mg l-1
ColliOrientali,44,11,Schioppettino,2020,anthocians,1397.64,mg l-1
ColliOrientali,44,11,Schioppettino,2021,anthocians,1909.45,mg l-1
ColliOrientali,44,11,Schioppettino,2022,anthocians,1456.69,mg l-1
ColliOrientali,44,11,Schioppettino,2023,anthocians,993,mg l-1
ColliOrientali,44,11,Schioppettino,2024,anthocians,1413,mg l-1
ColliOrientali,44,11,TocaiFr,2006,bunchNo,12,number
ColliOrientali,44,11,TocaiFr,2007,bunchNo,9,number
ColliOrientali,44,11,TocaiFr,2008,bunchNo,13,number
ColliOrientali,44,11,TocaiFr,2009,bunchNo,14,number
ColliOrientali,44,11,TocaiFr,2010,bunchNo,16,number
ColliOrientali,44,11,TocaiFr,2011,bunchNo,8,number
ColliOrientali,44,11,TocaiFr,2012,bunchNo,22,number
ColliOrientali,44,11,TocaiFr,2013,bunchNo,8,number
ColliOrientali,44,11,TocaiFr,2014,bunchNo,10,number
ColliOrientali,44,11,TocaiFr,2015,bunchNo,14,number
ColliOrientali,44,11,TocaiFr,2016,bunchNo,14,number
ColliOrientali,44,11,TocaiFr,2017,bunchNo,8,number
ColliOrientali,44,11,TocaiFr,2018,bunchNo,16,number
ColliOrientali,44,11,TocaiFr,2019,bunchNo,15,number
ColliOrientali,44,11,TocaiFr,2006,berriesNo,100,number
ColliOrientali,44,11,TocaiFr,2007,berriesNo,166,number
ColliOrientali,44,11,TocaiFr,2008,berriesNo,207,number
ColliOrientali,44,11,TocaiFr,2009,berriesNo,150,number
ColliOrientali,44,11,TocaiFr,2010,berriesNo,145,number
ColliOrientali,44,11,TocaiFr,2011,berriesNo,150,number
ColliOrientali,44,11,TocaiFr,2012,berriesNo,141,number
ColliOrientali,44,11,TocaiFr,2013,berriesNo,87,number
ColliOrientali,44,11,TocaiFr,2014,berriesNo,140,number
ColliOrientali,44,11,TocaiFr,2015,berriesNo,117,number
ColliOrientali,44,11,TocaiFr,2016,berriesNo,123,number
ColliOrientali,44,11,TocaiFr,2017,berriesNo,138,number
ColliOrientali,44,11,TocaiFr,2018,berriesNo,166,number
ColliOrientali,44,11,TocaiFr,2019,berriesNo,126,number
ColliOrientali,44,11,TocaiFr,2020,berriesNo,143,number
ColliOrientali,44,11,TocaiFr,2021,berriesNo,137,number
ColliOrientali,44,11,TocaiFr,2022,berriesNo,155,number
ColliOrientali,44,11,TocaiFr,2023,berriesNo,142,number
ColliOrientali,44,11,TocaiFr,2024,berriesNo,105,number
ColliOrientali,44,11,TocaiFr,2006,berryWeight,1.22,g
ColliOrientali,44,11,TocaiFr,2007,berryWeight,1.49,g
ColliOrientali,44,11,TocaiFr,2008,berryWeight,0.82,g
ColliOrientali,44,11,TocaiFr,2009,berryWeight,1.51,g
ColliOrientali,44,11,TocaiFr,2010,berryWeight,1.24,g
ColliOrientali,44,11,TocaiFr,2011,berryWeight,1.5,g
ColliOrientali,44,11,TocaiFr,2012,berryWeight,1.3,g
ColliOrientali,44,11,TocaiFr,2013,berryWeight,1.24,g
ColliOrientali,44,11,TocaiFr,2014,berryWeight,1.24,g
ColliOrientali,44,11,TocaiFr,2015,berryWeight,1.27,g
ColliOrientali,44,11,TocaiFr,2016,berryWeight,1.16,g
ColliOrientali,44,11,TocaiFr,2017,berryWeight,1.65,g
ColliOrientali,44,11,TocaiFr,2018,berryWeight,1.36,g
ColliOrientali,44,11,TocaiFr,2019,berryWeight,1.53,g
ColliOrientali,44,11,TocaiFr,2020,berryWeight,1.41,g
ColliOrientali,44,11,TocaiFr,2021,berryWeight,1.53,g
ColliOrientali,44,11,TocaiFr,2022,berryWeight,1.22,g
ColliOrientali,44,11,TocaiFr,2023,berryWeight,1.28,g
ColliOrientali,44,11,TocaiFr,2024,berryWeight,1.35,g
ColliOrientali,44,11,TocaiFr,2006,yield,1.46,kg plant-1
ColliOrientali,44,11,TocaiFr,2007,yield,2.23,kg plant-1
ColliOrientali,44,11,TocaiFr,2008,yield,2.21,kg plant-1
ColliOrientali,44,11,TocaiFr,2009,yield,3.17,kg plant-1
ColliOrientali,44,11,TocaiFr,2010,yield,2.88,kg plant-1
ColliOrientali,44,11,TocaiFr,2011,yield,1.8,kg plant-1
ColliOrientali,44,11,TocaiFr,2012,yield,4.03,kg plant-1
ColliOrientali,44,11,TocaiFr,2013,yield,0.86,kg plant-1
ColliOrientali,44,11,TocaiFr,2014,yield,1.74,kg plant-1
ColliOrientali,44,11,TocaiFr,2015,yield,2.08,kg plant-1
ColliOrientali,44,11,TocaiFr,2016,yield,2,kg plant-1
ColliOrientali,44,11,TocaiFr,2017,yield,1.82,kg plant-1
ColliOrientali,44,11,TocaiFr,2018,yield,3.61,kg plant-1
ColliOrientali,44,11,TocaiFr,2019,yield,2.89,kg plant-1
ColliOrientali,44,11,TocaiFr,2008,sugar,22.5,Bx
ColliOrientali,44,11,TocaiFr,2009,sugar,22.4,Bx
ColliOrientali,44,11,TocaiFr,2010,sugar,21.6,Bx
ColliOrientali,44,11,TocaiFr,2011,sugar,21.4,Bx
ColliOrientali,44,11,TocaiFr,2012,sugar,20.9,Bx
ColliOrientali,44,11,TocaiFr,2013,sugar,21.7,Bx
ColliOrientali,44,11,TocaiFr,2014,sugar,17.6,Bx
ColliOrientali,44,11,TocaiFr,2015,sugar,21,Bx
ColliOrientali,44,11,TocaiFr,2016,sugar,21.3,Bx
ColliOrientali,44,11,TocaiFr,2017,sugar,20.1,Bx
ColliOrientali,44,11,TocaiFr,2018,sugar,19.4,Bx
ColliOrientali,44,11,TocaiFr,2019,sugar,20.9,Bx
ColliOrientali,44,11,TocaiFr,2020,sugar,18.5,Bx
ColliOrientali,44,11,TocaiFr,2021,sugar,22.5,Bx
ColliOrientali,44,11,TocaiFr,2023,sugar,18.7,Bx
ColliOrientali,44,11,TocaiFr,2008,acid,6.1,g l-1
ColliOrientali,44,11,TocaiFr,2009,acid,5,g l-1
ColliOrientali,44,11,TocaiFr,2010,acid,6.6,g l-1
ColliOrientali,44,11,TocaiFr,2011,acid,5.2,g l-1
ColliOrientali,44,11,TocaiFr,2012,acid,5,g l-1
ColliOrientali,44,11,TocaiFr,2013,acid,5.2,g l-1
ColliOrientali,44,11,TocaiFr,2014,acid,7.8,g l-1
ColliOrientali,44,11,TocaiFr,2015,acid,5.1,g l-1
ColliOrientali,44,11,TocaiFr,2016,acid,5,g l-1
ColliOrientali,44,11,TocaiFr,2017,acid,5.2,g l-1
ColliOrientali,44,11,TocaiFr,2018,acid,4.8,g l-1
ColliOrientali,44,11,TocaiFr,2019,acid,5.2,g l-1
ColliOrientali,44,11,TocaiFr,2020,acid,6.5,g l-1
ColliOrientali,44,11,TocaiFr,2021,acid,5,g l-1
ColliOrientali,44,11,TocaiFr,2023,acid,6.1,g l-1
ColliOrientali,44,11,VerduzzoFr,2006,bunchNo,10,number
ColliOrientali,44,11,VerduzzoFr,2007,bunchNo,8,number
ColliOrientali,44,11,VerduzzoFr,2008,bunchNo,8,number
ColliOrientali,44,11,VerduzzoFr,2009,bunchNo,6,number
ColliOrientali,44,11,VerduzzoFr,2010,bunchNo,9,number
ColliOrientali,44,11,VerduzzoFr,2011,bunchNo,10,number
ColliOrientali,44,11,VerduzzoFr,2012,bunchNo,11,number
ColliOrientali,44,11,VerduzzoFr,2013,bunchNo,7,number
ColliOrientali,44,11,VerduzzoFr,2014,bunchNo,8,number
ColliOrientali,44,11,VerduzzoFr,2015,bunchNo,10,number
ColliOrientali,44,11,VerduzzoFr,2016,bunchNo,10,number
ColliOrientali,44,11,VerduzzoFr,2017,bunchNo,15,number
ColliOrientali,44,11,VerduzzoFr,2018,bunchNo,12,number
ColliOrientali,44,11,VerduzzoFr,2019,bunchNo,13,number
ColliOrientali,44,11,VerduzzoFr,2006,berriesNo,118,number
ColliOrientali,44,11,VerduzzoFr,2007,berriesNo,61,number
ColliOrientali,44,11,VerduzzoFr,2008,berriesNo,134,number
ColliOrientali,44,11,VerduzzoFr,2009,berriesNo,131,number
ColliOrientali,44,11,VerduzzoFr,2010,berriesNo,88,number
ColliOrientali,44,11,VerduzzoFr,2011,berriesNo,150,number
ColliOrientali,44,11,VerduzzoFr,2012,berriesNo,120,number
ColliOrientali,44,11,VerduzzoFr,2013,berriesNo,139,number
ColliOrientali,44,11,VerduzzoFr,2014,berriesNo,150,number
ColliOrientali,44,11,VerduzzoFr,2015,berriesNo,109,number
ColliOrientali,44,11,VerduzzoFr,2016,berriesNo,94,number
ColliOrientali,44,11,VerduzzoFr,2017,berriesNo,122,number
ColliOrientali,44,11,VerduzzoFr,2018,berriesNo,100,number
ColliOrientali,44,11,VerduzzoFr,2019,berriesNo,112,number
ColliOrientali,44,11,VerduzzoFr,2020,berriesNo,133,number
ColliOrientali,44,11,VerduzzoFr,2021,berriesNo,122,number
ColliOrientali,44,11,VerduzzoFr,2022,berriesNo,115,number
ColliOrientali,44,11,VerduzzoFr,2023,berriesNo,86,number
ColliOrientali,44,11,VerduzzoFr,2024,berriesNo,85,number
ColliOrientali,44,11,VerduzzoFr,2007,berryWeight,1.67,g
ColliOrientali,44,11,VerduzzoFr,2008,berryWeight,1.25,g
ColliOrientali,44,11,VerduzzoFr,2009,berryWeight,1.64,g
ColliOrientali,44,11,VerduzzoFr,2010,berryWeight,1.08,g
ColliOrientali,44,11,VerduzzoFr,2011,berryWeight,1.08,g
ColliOrientali,44,11,VerduzzoFr,2012,berryWeight,1.36,g
ColliOrientali,44,11,VerduzzoFr,2013,berryWeight,0.98,g
ColliOrientali,44,11,VerduzzoFr,2014,berryWeight,1.38,g
ColliOrientali,44,11,VerduzzoFr,2015,berryWeight,1.7,g
ColliOrientali,44,11,VerduzzoFr,2016,berryWeight,1.08,g
ColliOrientali,44,11,VerduzzoFr,2017,berryWeight,1.32,g
ColliOrientali,44,11,VerduzzoFr,2018,berryWeight,2.09,g
ColliOrientali,44,11,VerduzzoFr,2019,berryWeight,1.22,g
ColliOrientali,44,11,VerduzzoFr,2020,berryWeight,1.1,g
ColliOrientali,44,11,VerduzzoFr,2021,berryWeight,1.24,g
ColliOrientali,44,11,VerduzzoFr,2022,berryWeight,1.51,g
ColliOrientali,44,11,VerduzzoFr,2023,berryWeight,1.42,g
ColliOrientali,44,11,VerduzzoFr,2024,berryWeight,1.3,g
ColliOrientali,44,11,TocaiFr,2007,yield,0.81,kg plant-1
ColliOrientali,44,11,TocaiFr,2008,yield,1.34,kg plant-1
ColliOrientali,44,11,TocaiFr,2009,yield,1.29,kg plant-1
ColliOrientali,44,11,TocaiFr,2010,yield,0.86,kg plant-1
ColliOrientali,44,11,TocaiFr,2011,yield,1.62,kg plant-1
ColliOrientali,44,11,TocaiFr,2012,yield,1.8,kg plant-1
ColliOrientali,44,11,TocaiFr,2013,yield,0.95,kg plant-1
ColliOrientali,44,11,TocaiFr,2014,yield,1.66,kg plant-1
ColliOrientali,44,11,TocaiFr,2015,yield,1.85,kg plant-1
ColliOrientali,44,11,TocaiFr,2016,yield,1.02,kg plant-1
ColliOrientali,44,11,TocaiFr,2017,yield,2.42,kg plant-1
ColliOrientali,44,11,TocaiFr,2018,yield,2.51,kg plant-1
ColliOrientali,44,11,TocaiFr,2019,yield,1.78,kg plant-1
ColliOrientali,44,11,VerduzzoFr,2008,sugar,24,Bx
ColliOrientali,44,11,VerduzzoFr,2009,sugar,23.8,Bx
ColliOrientali,44,11,VerduzzoFr,2010,sugar,23.9,Bx
ColliOrientali,44,11,VerduzzoFr,2012,sugar,22.7,Bx
ColliOrientali,44,11,VerduzzoFr,2013,sugar,22.9,Bx
ColliOrientali,44,11,VerduzzoFr,2014,sugar,20.6,Bx
ColliOrientali,44,11,VerduzzoFr,2015,sugar,23,Bx
ColliOrientali,44,11,VerduzzoFr,2016,sugar,23.4,Bx
ColliOrientali,44,11,VerduzzoFr,2017,sugar,20.7,Bx
ColliOrientali,44,11,VerduzzoFr,2018,sugar,24.6,Bx
ColliOrientali,44,11,VerduzzoFr,2019,sugar,23.7,Bx
ColliOrientali,44,11,VerduzzoFr,2020,sugar,25.6,Bx
ColliOrientali,44,11,VerduzzoFr,2021,sugar,25.7,Bx
ColliOrientali,44,11,VerduzzoFr,2023,sugar,24,Bx
ColliOrientali,44,11,VerduzzoFr,2008,acid,6.9,g l-1
ColliOrientali,44,11,VerduzzoFr,2009,acid,5.5,g l-1
ColliOrientali,44,11,VerduzzoFr,2010,acid,5,g l-1
ColliOrientali,44,11,VerduzzoFr,2012,acid,5.9,g l-1
ColliOrientali,44,11,VerduzzoFr,2013,acid,6.3,g l-1
ColliOrientali,44,11,VerduzzoFr,2014,acid,9.4,g l-1
ColliOrientali,44,11,VerduzzoFr,2015,acid,4.6,g l-1
ColliOrientali,44,11,VerduzzoFr,2016,acid,4.9,g l-1
ColliOrientali,44,11,VerduzzoFr,2017,acid,6,g l-1
ColliOrientali,44,11,VerduzzoFr,2018,acid,4.1,g l-1
ColliOrientali,44,11,VerduzzoFr,2019,acid,4.6,g l-1
ColliOrientali,44,11,VerduzzoFr,2020,acid,4.8,g l-1
ColliOrientali,44,11,VerduzzoFr,2021,acid,4.7,g l-1
ColliOrientali,44,11,VerduzzoFr,2023,acid,4.4,g l-1
wurzburg,49.82,9.95,Riesling,2010,yield,55.21,hl ha-1
wurzburg,49.82,9.95,Riesling,2009,yield,63.8,hl ha-1
wurzburg,49.82,9.95,Riesling,2008,yield,56.9,hl ha-1
wurzburg,49.82,9.95,Riesling,2007,yield,59.47,hl ha-1
wurzburg,49.82,9.95,Riesling,2006,yield,50,hl ha-1
wurzburg,49.82,9.95,Riesling,2005,yield,53.1,hl ha-1
wurzburg,49.82,9.95,Riesling,2004,yield,67.18,hl ha-1
wurzburg,49.82,9.95,Riesling,2003,yield,50.84,hl ha-1
wurzburg,49.82,9.95,Riesling,2002,yield,55.63,hl ha-1
wurzburg,49.82,9.95,Riesling,2001,yield,36.62,hl ha-1
wurzburg,49.82,9.95,Riesling,2000,yield,67.74,hl ha-1
wurzburg,49.82,9.95,Riesling,1999,yield,53.94,hl ha-1
wurzburg,49.82,9.95,Riesling,1998,yield,64.93,hl ha-1
wurzburg,49.82,9.95,Riesling,1997,yield,40.14,hl ha-1
wurzburg,49.82,9.95,Riesling,1996,yield,49.3,hl ha-1
wurzburg,49.82,9.95,Riesling,1995,yield,43.52,hl ha-1
wurzburg,49.82,9.95,Riesling,1994,yield,45.91,hl ha-1
wurzburg,49.82,9.95,Riesling,1993,yield,62.67,hl ha-1
wurzburg,49.82,9.95,Riesling,1992,yield,47.32,hl ha-1
wurzburg,49.82,9.95,Riesling,1991,yield,38.31,hl ha-1
wurzburg,49.82,9.95,Riesling,1990,yield,51.54,hl ha-1
wurzburg,49.82,9.95,Riesling,1989,yield,46.06,hl ha-1
wurzburg,49.82,9.95,Riesling,1988,yield,50.14,hl ha-1
wurzburg,49.82,9.95,Riesling,1987,yield,52.11,hl ha-1
wurzburg,49.82,9.95,Riesling,1986,yield,43.66,hl ha-1
wurzburg,49.82,9.95,Riesling,1985,yield,66.76,hl ha-1
wurzburg,49.82,9.95,Riesling,1984,yield,69.86,hl ha-1
wurzburg,49.82,9.95,Riesling,1983,yield,98.73,hl ha-1
wurzburg,49.82,9.95,Riesling,1982,yield,40.28,hl ha-1
wurzburg,49.82,9.95,Riesling,1981,yield,33.94,hl ha-1
wurzburg,49.82,9.95,Riesling,1980,yield,60.15,hl ha-1
wurzburg,49.82,9.95,Riesling,1979,yield,37.33,hl ha-1
wurzburg,49.82,9.95,Riesling,1978,yield,52.81,hl ha-1
wurzburg,49.82,9.95,Riesling,1977,yield,36.56,hl ha-1
wurzburg,49.82,9.95,Riesling,1976,yield,65.57,hl ha-1
wurzburg,49.82,9.95,Riesling,1975,yield,41.97,hl ha-1
wurzburg,49.82,9.95,Riesling,1974,yield,55.9,hl ha-1
wurzburg,49.82,9.95,Riesling,1973,yield,42.16,hl ha-1
wurzburg,49.82,9.95,Riesling,1972,yield,24.37,hl ha-1
wurzburg,49.82,9.95,Riesling,1971,yield,58.99,hl ha-1
wurzburg,49.82,9.95,Riesling,1970,yield,34.62,hl ha-1
wurzburg,49.82,9.95,Riesling,1969,yield,37.52,hl ha-1
wurzburg,49.82,9.95,Riesling,1968,yield,33.27,hl ha-1
wurzburg,49.82,9.95,Riesling,1967,yield,23.98,hl ha-1
wurzburg,49.82,9.95,Riesling,1965,yield,30.36,hl ha-1
wurzburg,49.82,9.95,Riesling,1964,yield,44.29,hl ha-1
wurzburg,49.82,9.95,Riesling,1962,yield,21.47,hl ha-1
wurzburg,49.82,9.95,Riesling,2010,sugar,116.51,Oe
wurzburg,49.82,9.95,Riesling,2009,sugar,119.71,Oe
wurzburg,49.82,9.95,Riesling,2008,sugar,86.86,Oe
wurzburg,49.82,9.95,Riesling,2007,sugar,99.84,Oe
wurzburg,49.82,9.95,Riesling,2006,sugar,105.56,Oe
wurzburg,49.82,9.95,Riesling,2005,sugar,93.53,Oe
wurzburg,49.82,9.95,Riesling,2004,sugar,94.6,Oe
wurzburg,49.82,9.95,Riesling,2003,sugar,94.3,Oe
wurzburg,49.82,9.95,Riesling,2002,sugar,125.6,Oe
wurzburg,49.82,9.95,Riesling,2001,sugar,122.65,Oe
wurzburg,49.82,9.95,Riesling,2000,sugar,88.72,Oe
wurzburg,49.82,9.95,Riesling,1999,sugar,112.5,Oe
wurzburg,49.82,9.95,Riesling,1998,sugar,115.71,Oe
wurzburg,49.82,9.95,Riesling,1997,sugar,107.69,Oe
wurzburg,49.82,9.95,Riesling,1996,sugar,122.38,Oe
wurzburg,49.82,9.95,Riesling,1995,sugar,104.22,Oe
wurzburg,49.82,9.95,Riesling,1994,sugar,157.37,Oe
wurzburg,49.82,9.95,Riesling,1993,sugar,118.64,Oe
wurzburg,49.82,9.95,Riesling,1992,sugar,86.59,Oe
wurzburg,49.82,9.95,Riesling,1991,sugar,81.52,Oe
wurzburg,49.82,9.95,Riesling,1990,sugar,89.53,Oe
wurzburg,49.82,9.95,Riesling,1989,sugar,96.21,Oe
wurzburg,49.82,9.95,Riesling,1988,sugar,111.43,Oe
wurzburg,49.82,9.95,Riesling,1987,sugar,73.24,Oe
wurzburg,49.82,9.95,Riesling,1986,sugar,76.2,Oe
wurzburg,49.82,9.95,Riesling,1985,sugar,96.74,Oe
wurzburg,49.82,9.95,Riesling,1984,sugar,122.65,Oe
wurzburg,49.82,9.95,Riesling,1983,sugar,65.76,Oe
wurzburg,49.82,9.95,Riesling,1982,sugar,72.97,Oe
wurzburg,49.82,9.95,Riesling,1981,sugar,87.39,Oe
wurzburg,49.82,9.95,Riesling,1980,sugar,69.38,Oe
wurzburg,49.82,9.95,Riesling,1979,sugar,90.38,Oe
wurzburg,49.82,9.95,Riesling,1978,sugar,69.1,Oe
wurzburg,49.82,9.95,Riesling,1977,sugar,71.38,Oe
wurzburg,49.82,9.95,Riesling,1976,sugar,94.89,Oe
wurzburg,49.82,9.95,Riesling,1975,sugar,80.36,Oe
wurzburg,49.82,9.95,Riesling,1974,sugar,71.64,Oe
wurzburg,49.82,9.95,Riesling,1973,sugar,81.33,Oe
wurzburg,49.82,9.95,Riesling,1972,sugar,62.92,Oe
wurzburg,49.82,9.95,Riesling,1971,sugar,110.1,Oe
wurzburg,49.82,9.95,Riesling,1970,sugar,77.77,Oe
wurzburg,49.82,9.95,Riesling,1969,sugar,80.03,Oe
wurzburg,49.82,9.95,Riesling,1968,sugar,70.02,Oe
wurzburg,49.82,9.95,Riesling,1967,sugar,77.77,Oe
wurzburg,49.82,9.95,Riesling,1966,sugar,72.61,Oe
wurzburg,49.82,9.95,Riesling,1965,sugar,56.46,Oe
wurzburg,49.82,9.95,Riesling,1964,sugar,78.42,Oe
wurzburg,49.82,9.95,Riesling,1963,sugar,90.69,Oe
wurzburg,49.82,9.95,Riesling,1962,sugar,91.34,Oe
